	diagnosis	Dorea_formicigenerans	Fusicatenibacter_saccharivorans	Anaerotruncus_rubiinfantis	Oscilibacter_massiliensis	Akkermansia_muciniphila	Alistipes_finegoldii	Ruminococcus_bromii	Collinsella_aerofaciens	Clostridioides_difficile	Eubacterium_oxidoreducens
2	2	0	0	0	0	0	0	0	0	0	0
3	2	0	0	0	0	0	0	0	0	0	0
8	2	0	0	0	0	0	0	0	0	0	0
10	2	0	0	0	0	0	0	0	0	0	0
14	2	0	0	0	0	0	0	0	0	0	0
15	2	0	0	0	0	0	0	0	0	0	0
17	2	0	0	0	0	0	0	0	0	0	0
23	2	0	0	0	0	0	0	0	0	0	0
24	2	0	0	0	0	0	0	0	0	0	0
30	2	0	0	0	0	0	0	0	0	0	0
31	2	0	0	0	0	0	0	0	0	0	0
32	2	0	0	0	0	0	0	0	0	0	0
