{
"meta":{"test_sets":[],"test_metrics":[],"learn_metrics":[{"best_value":"Min","name":"Logloss"}],"launch_mode":"Train","parameters":"","iteration_count":1000,"learn_sets":["learn"],"name":"experiment"},
"iterations":[
{"learn":[0.675515268],"iteration":0,"passed_time":0.03191165584,"remaining_time":31.87974419},
{"learn":[0.6551774013],"iteration":1,"passed_time":0.03593777505,"remaining_time":17.93294975},
{"learn":[0.6394236324],"iteration":2,"passed_time":0.04428819862,"remaining_time":14.71844467},
{"learn":[0.6230569972],"iteration":3,"passed_time":0.04616914593,"remaining_time":11.49611734},
{"learn":[0.6089576184],"iteration":4,"passed_time":0.04784942068,"remaining_time":9.522034716},
{"learn":[0.5975214438],"iteration":5,"passed_time":0.0496684688,"remaining_time":8.228409665},
{"learn":[0.5818736017],"iteration":6,"passed_time":0.0513988262,"remaining_time":7.291290631},
{"learn":[0.5687853411],"iteration":7,"passed_time":0.05309875606,"remaining_time":6.584245752},
{"learn":[0.5578285353],"iteration":8,"passed_time":0.05472397526,"remaining_time":6.02571772},
{"learn":[0.5462639111],"iteration":9,"passed_time":0.05653373049,"remaining_time":5.596839319},
{"learn":[0.5353197497],"iteration":10,"passed_time":0.05827195498,"remaining_time":5.239178498},
{"learn":[0.5248368395],"iteration":11,"passed_time":0.0599775723,"remaining_time":4.938153453},
{"learn":[0.5157002178],"iteration":12,"passed_time":0.06167602964,"remaining_time":4.682633943},
{"learn":[0.5069967634],"iteration":13,"passed_time":0.06336721039,"remaining_time":4.462862103},
{"learn":[0.4980716167],"iteration":14,"passed_time":0.06505154212,"remaining_time":4.271717933},
{"learn":[0.4909911975],"iteration":15,"passed_time":0.06686609783,"remaining_time":4.112265017},
{"learn":[0.4831142582],"iteration":16,"passed_time":0.06858037784,"remaining_time":3.965559495},
{"learn":[0.477043415],"iteration":17,"passed_time":0.07037759908,"remaining_time":3.839489016},
{"learn":[0.4704636346],"iteration":18,"passed_time":0.07213094409,"remaining_time":3.724234534},
{"learn":[0.4653064254],"iteration":19,"passed_time":0.07392144781,"remaining_time":3.622150942},
{"learn":[0.4600748041],"iteration":20,"passed_time":0.07564515137,"remaining_time":3.526504914},
{"learn":[0.4545746697],"iteration":21,"passed_time":0.07749910165,"remaining_time":3.445187337},
{"learn":[0.4499554118],"iteration":22,"passed_time":0.07941108023,"remaining_time":3.373244582},
{"learn":[0.4461861517],"iteration":23,"passed_time":0.08115351387,"remaining_time":3.300242897},
{"learn":[0.441901203],"iteration":24,"passed_time":0.08291728106,"remaining_time":3.233773961},
{"learn":[0.4370511074],"iteration":25,"passed_time":0.08478783679,"remaining_time":3.176282809},
{"learn":[0.4328562044],"iteration":26,"passed_time":0.08659818252,"remaining_time":3.120741911},
{"learn":[0.4296224234],"iteration":27,"passed_time":0.08831572391,"remaining_time":3.065817273},
{"learn":[0.4244435449],"iteration":28,"passed_time":0.09036208145,"remaining_time":3.025571762},
{"learn":[0.4212514824],"iteration":29,"passed_time":0.09338041284,"remaining_time":3.019300015},
{"learn":[0.4174084292],"iteration":30,"passed_time":0.09617662316,"remaining_time":3.006295092},
{"learn":[0.4133507632],"iteration":31,"passed_time":0.09801596774,"remaining_time":2.964983024},
{"learn":[0.4104245424],"iteration":32,"passed_time":0.09984772849,"remaining_time":2.925841014},
{"learn":[0.4072124472],"iteration":33,"passed_time":0.1016574564,"remaining_time":2.888267733},
{"learn":[0.4044616011],"iteration":34,"passed_time":0.103469493,"remaining_time":2.852801736},
{"learn":[0.4011989394],"iteration":35,"passed_time":0.1062826987,"remaining_time":2.846014488},
{"learn":[0.3971575464],"iteration":36,"passed_time":0.1081154316,"remaining_time":2.813923262},
{"learn":[0.3938704632],"iteration":37,"passed_time":0.1098579017,"remaining_time":2.781139511},
{"learn":[0.3909400286],"iteration":38,"passed_time":0.1118162479,"remaining_time":2.755267032},
{"learn":[0.3894160527],"iteration":39,"passed_time":0.1136045526,"remaining_time":2.726509261},
{"learn":[0.3870323981],"iteration":40,"passed_time":0.1154272412,"remaining_time":2.699871326},
{"learn":[0.3848006583],"iteration":41,"passed_time":0.1172943235,"remaining_time":2.675427664},
{"learn":[0.3826839081],"iteration":42,"passed_time":0.1191435543,"remaining_time":2.651636779},
{"learn":[0.380276166],"iteration":43,"passed_time":0.1210133293,"remaining_time":2.62928961},
{"learn":[0.3779710395],"iteration":44,"passed_time":0.1229219837,"remaining_time":2.608677654},
{"learn":[0.3759665529],"iteration":45,"passed_time":0.1246890383,"remaining_time":2.585942229},
{"learn":[0.3738907018],"iteration":46,"passed_time":0.1264183404,"remaining_time":2.563333583},
{"learn":[0.3713859562],"iteration":47,"passed_time":0.1284144243,"remaining_time":2.546886081},
{"learn":[0.3697551739],"iteration":48,"passed_time":0.1305548805,"remaining_time":2.533830435},
{"learn":[0.368064292],"iteration":49,"passed_time":0.1326797261,"remaining_time":2.520914796},
{"learn":[0.3663320799],"iteration":50,"passed_time":0.134804817,"remaining_time":2.508426888},
{"learn":[0.3646804146],"iteration":51,"passed_time":0.1368490846,"remaining_time":2.494864081},
{"learn":[0.3633016945],"iteration":52,"passed_time":0.1387414966,"remaining_time":2.47902259},
{"learn":[0.3615391753],"iteration":53,"passed_time":0.1406401232,"remaining_time":2.463806603},
{"learn":[0.3600109288],"iteration":54,"passed_time":0.1426145812,"remaining_time":2.450377804},
{"learn":[0.3588029895],"iteration":55,"passed_time":0.1444691832,"remaining_time":2.435337659},
{"learn":[0.3572805491],"iteration":56,"passed_time":0.1463047069,"remaining_time":2.420444537},
{"learn":[0.355879833],"iteration":57,"passed_time":0.1482313548,"remaining_time":2.40748166},
{"learn":[0.354544331],"iteration":58,"passed_time":0.1499943033,"remaining_time":2.392282023},
{"learn":[0.3536823786],"iteration":59,"passed_time":0.1518359089,"remaining_time":2.378762574},
{"learn":[0.3521652957],"iteration":60,"passed_time":0.15361305,"remaining_time":2.364633671},
{"learn":[0.3507528617],"iteration":61,"passed_time":0.1554357891,"remaining_time":2.351593068},
{"learn":[0.349353444],"iteration":62,"passed_time":0.1571972522,"remaining_time":2.337997227},
{"learn":[0.348238933],"iteration":63,"passed_time":0.158966869,"remaining_time":2.324890459},
{"learn":[0.3465167091],"iteration":64,"passed_time":0.1609262205,"remaining_time":2.314861787},
{"learn":[0.3455869642],"iteration":65,"passed_time":0.1626574901,"remaining_time":2.301849935},
{"learn":[0.3443757707],"iteration":66,"passed_time":0.1644227273,"remaining_time":2.289647829},
{"learn":[0.3434027571],"iteration":67,"passed_time":0.1661905333,"remaining_time":2.277787897},
{"learn":[0.3425108593],"iteration":68,"passed_time":0.1683397667,"remaining_time":2.271366997},
{"learn":[0.3415471264],"iteration":69,"passed_time":0.1701645788,"remaining_time":2.260757975},
{"learn":[0.340674332],"iteration":70,"passed_time":0.1720815708,"remaining_time":2.251602525},
{"learn":[0.3396427373],"iteration":71,"passed_time":0.1738415308,"remaining_time":2.240624174},
{"learn":[0.3386284125],"iteration":72,"passed_time":0.1755582687,"remaining_time":2.229349522},
{"learn":[0.3377701337],"iteration":73,"passed_time":0.1773131106,"remaining_time":2.218810006},
{"learn":[0.3371006103],"iteration":74,"passed_time":0.1790472426,"remaining_time":2.208249325},
{"learn":[0.3361596319],"iteration":75,"passed_time":0.180815979,"remaining_time":2.198341639},
{"learn":[0.3352070294],"iteration":76,"passed_time":0.1829575128,"remaining_time":2.193114081},
{"learn":[0.3344046864],"iteration":77,"passed_time":0.1848716106,"remaining_time":2.185277243},
{"learn":[0.333522485],"iteration":78,"passed_time":0.1869998189,"remaining_time":2.180086497},
{"learn":[0.3322638421],"iteration":79,"passed_time":0.1892350027,"remaining_time":2.176202531},
{"learn":[0.3312607575],"iteration":80,"passed_time":0.1913336535,"remaining_time":2.170810217},
{"learn":[0.3306472799],"iteration":81,"passed_time":0.1933963953,"remaining_time":2.16509623},
{"learn":[0.3300647949],"iteration":82,"passed_time":0.1954460088,"remaining_time":2.159325182},
{"learn":[0.3293318138],"iteration":83,"passed_time":0.1974938315,"remaining_time":2.15362321},
{"learn":[0.3283054133],"iteration":84,"passed_time":0.1998725953,"remaining_time":2.151569702},
{"learn":[0.3276242917],"iteration":85,"passed_time":0.2017538291,"remaining_time":2.144220928},
{"learn":[0.3270759677],"iteration":86,"passed_time":0.2036163251,"remaining_time":2.136801205},
{"learn":[0.326434883],"iteration":87,"passed_time":0.2053560093,"remaining_time":2.128235005},
{"learn":[0.3255838211],"iteration":88,"passed_time":0.2070920397,"remaining_time":2.119784811},
{"learn":[0.324889778],"iteration":89,"passed_time":0.208821384,"remaining_time":2.111416216},
{"learn":[0.3241536708],"iteration":90,"passed_time":0.2107007831,"remaining_time":2.104692438},
{"learn":[0.3234978145],"iteration":91,"passed_time":0.2124735669,"remaining_time":2.097021726},
{"learn":[0.3227372378],"iteration":92,"passed_time":0.2146241898,"remaining_time":2.093162797},
{"learn":[0.3218560793],"iteration":93,"passed_time":0.2165640548,"remaining_time":2.087308869},
{"learn":[0.3214632978],"iteration":94,"passed_time":0.2183852999,"remaining_time":2.080407331},
{"learn":[0.3208363366],"iteration":95,"passed_time":0.2204823616,"remaining_time":2.076208905},
{"learn":[0.3202881454],"iteration":96,"passed_time":0.2224436599,"remaining_time":2.070789948},
{"learn":[0.3198433153],"iteration":97,"passed_time":0.2242477844,"remaining_time":2.063994913},
{"learn":[0.3193649488],"iteration":98,"passed_time":0.2261535598,"remaining_time":2.058225832},
{"learn":[0.3188232744],"iteration":99,"passed_time":0.2283191948,"remaining_time":2.054872754},
{"learn":[0.31818888],"iteration":100,"passed_time":0.2300820676,"remaining_time":2.047958206},
{"learn":[0.3177681267],"iteration":101,"passed_time":0.2317723692,"remaining_time":2.04050576},
{"learn":[0.3170904298],"iteration":102,"passed_time":0.233571089,"remaining_time":2.034109387},
{"learn":[0.3166537027],"iteration":103,"passed_time":0.2353709208,"remaining_time":2.02781101},
{"learn":[0.3161787201],"iteration":104,"passed_time":0.2370652806,"remaining_time":2.020699297},
{"learn":[0.3155753146],"iteration":105,"passed_time":0.2388388382,"remaining_time":2.014357748},
{"learn":[0.315064552],"iteration":106,"passed_time":0.2406229978,"remaining_time":2.008190065},
{"learn":[0.314492165],"iteration":107,"passed_time":0.2423910874,"remaining_time":2.001970833},
{"learn":[0.3139588631],"iteration":108,"passed_time":0.2446223676,"remaining_time":1.999619537},
{"learn":[0.313584553],"iteration":109,"passed_time":0.2466974039,"remaining_time":1.996006268},
{"learn":[0.3130761017],"iteration":110,"passed_time":0.2487198662,"remaining_time":1.991999649},
{"learn":[0.3124750724],"iteration":111,"passed_time":0.2509078805,"remaining_time":1.989341053},
{"learn":[0.3119098594],"iteration":112,"passed_time":0.2530026361,"remaining_time":1.985958745},
{"learn":[0.3111937662],"iteration":113,"passed_time":0.2551006952,"remaining_time":1.982624701},
{"learn":[0.310871531],"iteration":114,"passed_time":0.2572188336,"remaining_time":1.979466676},
{"learn":[0.3105866277],"iteration":115,"passed_time":0.2595774718,"remaining_time":1.978159354},
{"learn":[0.3103038141],"iteration":116,"passed_time":0.2613970397,"remaining_time":1.972765693},
{"learn":[0.3099167231],"iteration":117,"passed_time":0.2633654587,"remaining_time":1.968545208},
{"learn":[0.3091432428],"iteration":118,"passed_time":0.265121506,"remaining_time":1.962790309},
{"learn":[0.3085982485],"iteration":119,"passed_time":0.2677862518,"remaining_time":1.963765846},
{"learn":[0.3082809647],"iteration":120,"passed_time":0.2695823925,"remaining_time":1.958371265},
{"learn":[0.3079400375],"iteration":121,"passed_time":0.2713757449,"remaining_time":1.953015607},
{"learn":[0.3075018088],"iteration":122,"passed_time":0.2731905033,"remaining_time":1.947870499},
{"learn":[0.3071287177],"iteration":123,"passed_time":0.2767315558,"remaining_time":1.954974539},
{"learn":[0.3066686709],"iteration":124,"passed_time":0.2786738457,"remaining_time":1.95071692},
{"learn":[0.3062316809],"iteration":125,"passed_time":0.2805160179,"remaining_time":1.945801585},
{"learn":[0.3059760294],"iteration":126,"passed_time":0.28254468,"remaining_time":1.94221658},
{"learn":[0.3055584455],"iteration":127,"passed_time":0.2848976257,"remaining_time":1.940865075},
{"learn":[0.3053296983],"iteration":128,"passed_time":0.286774155,"remaining_time":1.93628131},
{"learn":[0.3049245805],"iteration":129,"passed_time":0.2885062744,"remaining_time":1.93077276},
{"learn":[0.3045486499],"iteration":130,"passed_time":0.2904197193,"remaining_time":1.926524703},
{"learn":[0.3043223671],"iteration":131,"passed_time":0.2925153767,"remaining_time":1.923510204},
{"learn":[0.3038357055],"iteration":132,"passed_time":0.2942344006,"remaining_time":1.918054325},
{"learn":[0.3035669597],"iteration":133,"passed_time":0.2959574454,"remaining_time":1.912680207},
{"learn":[0.3032354415],"iteration":134,"passed_time":0.2977018994,"remaining_time":1.907497356},
{"learn":[0.3029299113],"iteration":135,"passed_time":0.2994445183,"remaining_time":1.902353411},
{"learn":[0.3026644451],"iteration":136,"passed_time":0.301233385,"remaining_time":1.897550447},
{"learn":[0.3024835374],"iteration":137,"passed_time":0.3029854787,"remaining_time":1.892561468},
{"learn":[0.3022105643],"iteration":138,"passed_time":0.305221298,"remaining_time":1.890615378},
{"learn":[0.3017034519],"iteration":139,"passed_time":0.3078270012,"remaining_time":1.890937293},
{"learn":[0.3012806382],"iteration":140,"passed_time":0.3096834735,"remaining_time":1.886653218},
{"learn":[0.3010047282],"iteration":141,"passed_time":0.3115337323,"remaining_time":1.882365791},
{"learn":[0.3005334164],"iteration":142,"passed_time":0.3134298308,"remaining_time":1.878387168},
{"learn":[0.3000672203],"iteration":143,"passed_time":0.3164221282,"remaining_time":1.880953762},
{"learn":[0.2997304825],"iteration":144,"passed_time":0.3182760342,"remaining_time":1.876731098},
{"learn":[0.2994915723],"iteration":145,"passed_time":0.3201167591,"remaining_time":1.872463783},
{"learn":[0.2992988969],"iteration":146,"passed_time":0.3222437339,"remaining_time":1.869890511},
{"learn":[0.2987919776],"iteration":147,"passed_time":0.3240628321,"remaining_time":1.865550898},
{"learn":[0.2985976736],"iteration":148,"passed_time":0.3265472704,"remaining_time":1.865045149},
{"learn":[0.2982634838],"iteration":149,"passed_time":0.3284468626,"remaining_time":1.861198888},
{"learn":[0.2980092898],"iteration":150,"passed_time":0.330984117,"remaining_time":1.860963677},
{"learn":[0.2973393886],"iteration":151,"passed_time":0.3329585311,"remaining_time":1.857558121},
{"learn":[0.2971308893],"iteration":152,"passed_time":0.334921696,"remaining_time":1.854108997},
{"learn":[0.2967490336],"iteration":153,"passed_time":0.3368510024,"remaining_time":1.850493169},
{"learn":[0.2966397162],"iteration":154,"passed_time":0.3389393046,"remaining_time":1.847765887},
{"learn":[0.2963232838],"iteration":155,"passed_time":0.3408322761,"remaining_time":1.843990007},
{"learn":[0.2959428137],"iteration":156,"passed_time":0.3433692654,"remaining_time":1.843696119},
{"learn":[0.295677493],"iteration":157,"passed_time":0.3453103325,"remaining_time":1.840198101},
{"learn":[0.2952715699],"iteration":158,"passed_time":0.3472152669,"remaining_time":1.83652855},
{"learn":[0.2951368785],"iteration":159,"passed_time":0.3491813632,"remaining_time":1.833202157},
{"learn":[0.2946985449],"iteration":160,"passed_time":0.3513267977,"remaining_time":1.830827225},
{"learn":[0.2943917651],"iteration":161,"passed_time":0.3534846574,"remaining_time":1.8285194},
{"learn":[0.2942188606],"iteration":162,"passed_time":0.3554932872,"remaining_time":1.825447125},
{"learn":[0.2937942525],"iteration":163,"passed_time":0.3572846808,"remaining_time":1.821280446},
{"learn":[0.2936246599],"iteration":164,"passed_time":0.3598222424,"remaining_time":1.82091862},
{"learn":[0.2933427554],"iteration":165,"passed_time":0.3625339963,"remaining_time":1.821405741},
{"learn":[0.2931485081],"iteration":166,"passed_time":0.3644071531,"remaining_time":1.817671608},
{"learn":[0.2929300428],"iteration":167,"passed_time":0.3665822563,"remaining_time":1.815454983},
{"learn":[0.2925940689],"iteration":168,"passed_time":0.3689632436,"remaining_time":1.814251215},
{"learn":[0.2922504653],"iteration":169,"passed_time":0.3708279415,"remaining_time":1.810512891},
{"learn":[0.2920861745],"iteration":170,"passed_time":0.3726359037,"remaining_time":1.806521428},
{"learn":[0.2917028283],"iteration":171,"passed_time":0.3748392271,"remaining_time":1.804458605},
{"learn":[0.2914217126],"iteration":172,"passed_time":0.3766934871,"remaining_time":1.800725514},
{"learn":[0.2909401198],"iteration":173,"passed_time":0.3796802154,"remaining_time":1.802389988},
{"learn":[0.2905739736],"iteration":174,"passed_time":0.3824559398,"remaining_time":1.803006573},
{"learn":[0.2900626024],"iteration":175,"passed_time":0.3846196917,"remaining_time":1.800719466},
{"learn":[0.2896652251],"iteration":176,"passed_time":0.3872034145,"remaining_time":1.800386498},
{"learn":[0.2894960776],"iteration":177,"passed_time":0.3890418643,"remaining_time":1.796586587},
{"learn":[0.2891660089],"iteration":178,"passed_time":0.3911202931,"remaining_time":1.793909277},
{"learn":[0.2888548787],"iteration":179,"passed_time":0.3937008145,"remaining_time":1.793525933},
{"learn":[0.2884763897],"iteration":180,"passed_time":0.3963430664,"remaining_time":1.793397632},
{"learn":[0.2883037951],"iteration":181,"passed_time":0.399126658,"remaining_time":1.793876957},
{"learn":[0.2880418243],"iteration":182,"passed_time":0.4009159228,"remaining_time":1.78988147},
{"learn":[0.2876959432],"iteration":183,"passed_time":0.4027019304,"remaining_time":1.785895517},
{"learn":[0.2875704146],"iteration":184,"passed_time":0.4046485754,"remaining_time":1.782641021},
{"learn":[0.2873095347],"iteration":185,"passed_time":0.4067392008,"remaining_time":1.780030696},
{"learn":[0.2871445232],"iteration":186,"passed_time":0.4093078639,"remaining_time":1.779504243},
{"learn":[0.2868558479],"iteration":187,"passed_time":0.4112054386,"remaining_time":1.776057533},
{"learn":[0.2866848528],"iteration":188,"passed_time":0.4131393834,"remaining_time":1.77278328},
{"learn":[0.2864011282],"iteration":189,"passed_time":0.4153001762,"remaining_time":1.770490225},
{"learn":[0.2861482024],"iteration":190,"passed_time":0.4186317124,"remaining_time":1.773157358},
{"learn":[0.2859675516],"iteration":191,"passed_time":0.4214248242,"remaining_time":1.773496135},
{"learn":[0.2857003338],"iteration":192,"passed_time":0.4241184043,"remaining_time":1.773386281},
{"learn":[0.2853641525],"iteration":193,"passed_time":0.4260052963,"remaining_time":1.769898293},
{"learn":[0.2850896048],"iteration":194,"passed_time":0.4277890448,"remaining_time":1.766000929},
{"learn":[0.2848509737],"iteration":195,"passed_time":0.4299081464,"remaining_time":1.763500764},
{"learn":[0.284503391],"iteration":196,"passed_time":0.4322829802,"remaining_time":1.762046868},
{"learn":[0.2842548454],"iteration":197,"passed_time":0.4349886406,"remaining_time":1.761923686},
{"learn":[0.2839864408],"iteration":198,"passed_time":0.4368333352,"remaining_time":1.758309053},
{"learn":[0.2836297088],"iteration":199,"passed_time":0.4386076358,"remaining_time":1.754430543},
{"learn":[0.2834853361],"iteration":200,"passed_time":0.441198517,"remaining_time":1.753818981},
{"learn":[0.2831708867],"iteration":201,"passed_time":0.4437307554,"remaining_time":1.752956153},
{"learn":[0.2829443703],"iteration":202,"passed_time":0.4455763552,"remaining_time":1.74938106},
{"learn":[0.2828376975],"iteration":203,"passed_time":0.4477173386,"remaining_time":1.746975498},
{"learn":[0.2827382393],"iteration":204,"passed_time":0.4495530377,"remaining_time":1.74338861},
{"learn":[0.2825058668],"iteration":205,"passed_time":0.451378898,"remaining_time":1.739780801},
{"learn":[0.282321586],"iteration":206,"passed_time":0.4532354501,"remaining_time":1.736307787},
{"learn":[0.282186297],"iteration":207,"passed_time":0.4552111275,"remaining_time":1.733303909},
{"learn":[0.2817640959],"iteration":208,"passed_time":0.4572440376,"remaining_time":1.730526477},
{"learn":[0.2814463815],"iteration":209,"passed_time":0.4591993524,"remaining_time":1.72746423},
{"learn":[0.2812656838],"iteration":210,"passed_time":0.4609829306,"remaining_time":1.723770295},
{"learn":[0.2811670797],"iteration":211,"passed_time":0.4630714726,"remaining_time":1.721227927},
{"learn":[0.2808432686],"iteration":212,"passed_time":0.4655645075,"remaining_time":1.720184354},
{"learn":[0.2805307344],"iteration":213,"passed_time":0.4673692998,"remaining_time":1.716599391},
{"learn":[0.2803488688],"iteration":214,"passed_time":0.4692987662,"remaining_time":1.713486193},
{"learn":[0.2801191824],"iteration":215,"passed_time":0.4719662722,"remaining_time":1.713062766},
{"learn":[0.2800354267],"iteration":216,"passed_time":0.4741832151,"remaining_time":1.710992891},
{"learn":[0.2799166162],"iteration":217,"passed_time":0.4770850326,"remaining_time":1.71137842},
{"learn":[0.2797136905],"iteration":218,"passed_time":0.4798180126,"remaining_time":1.711131817},
{"learn":[0.2796031474],"iteration":219,"passed_time":0.4815772026,"remaining_time":1.707410082},
{"learn":[0.2794156396],"iteration":220,"passed_time":0.4834053695,"remaining_time":1.703949244},
{"learn":[0.2791587636],"iteration":221,"passed_time":0.4853110887,"remaining_time":1.700774897},
{"learn":[0.2788627175],"iteration":222,"passed_time":0.487182039,"remaining_time":1.697490781},
{"learn":[0.278645084],"iteration":223,"passed_time":0.4890764192,"remaining_time":1.694300452},
{"learn":[0.2783353968],"iteration":224,"passed_time":0.4908843893,"remaining_time":1.690824008},
{"learn":[0.278101348],"iteration":225,"passed_time":0.4927010635,"remaining_time":1.687392138},
{"learn":[0.2778803247],"iteration":226,"passed_time":0.4946066351,"remaining_time":1.68427722},
{"learn":[0.2777067177],"iteration":227,"passed_time":0.4964378914,"remaining_time":1.680921281},
{"learn":[0.2775193624],"iteration":228,"passed_time":0.4983245691,"remaining_time":1.677765252},
{"learn":[0.2774363119],"iteration":229,"passed_time":0.5002082382,"remaining_time":1.674610189},
{"learn":[0.2772788084],"iteration":230,"passed_time":0.5020475005,"remaining_time":1.671318302},
{"learn":[0.277055117],"iteration":231,"passed_time":0.5047116508,"remaining_time":1.670769603},
{"learn":[0.2769031719],"iteration":232,"passed_time":0.50649881,"remaining_time":1.667315825},
{"learn":[0.2767628706],"iteration":233,"passed_time":0.5083122092,"remaining_time":1.663962189},
{"learn":[0.2766061781],"iteration":234,"passed_time":0.5101744591,"remaining_time":1.660780686},
{"learn":[0.2763604095],"iteration":235,"passed_time":0.5119362087,"remaining_time":1.657285015},
{"learn":[0.2761653732],"iteration":236,"passed_time":0.5138222075,"remaining_time":1.654203985},
{"learn":[0.2760142528],"iteration":237,"passed_time":0.5156251323,"remaining_time":1.65086702},
{"learn":[0.2758748325],"iteration":238,"passed_time":0.5175299745,"remaining_time":1.647867408},
{"learn":[0.2756221156],"iteration":239,"passed_time":0.5195836,"remaining_time":1.645348067},
{"learn":[0.2755069759],"iteration":240,"passed_time":0.5214262928,"remaining_time":1.642168283},
{"learn":[0.2753028177],"iteration":241,"passed_time":0.5233993129,"remaining_time":1.639407765},
{"learn":[0.2750557506],"iteration":242,"passed_time":0.5251629929,"remaining_time":1.636001587},
{"learn":[0.2748629185],"iteration":243,"passed_time":0.5276660517,"remaining_time":1.634899734},
{"learn":[0.2746025711],"iteration":244,"passed_time":0.529775133,"remaining_time":1.632572349},
{"learn":[0.2743114699],"iteration":245,"passed_time":0.5318616451,"remaining_time":1.630177563},
{"learn":[0.274202672],"iteration":246,"passed_time":0.5339834829,"remaining_time":1.627892966},
{"learn":[0.274047197],"iteration":247,"passed_time":0.5369943161,"remaining_time":1.628305345},
{"learn":[0.2739779502],"iteration":248,"passed_time":0.5399442263,"remaining_time":1.628506482},
{"learn":[0.2739188059],"iteration":249,"passed_time":0.5419172237,"remaining_time":1.625751671},
{"learn":[0.2736987233],"iteration":250,"passed_time":0.5445306381,"remaining_time":1.624914135},
{"learn":[0.273301805],"iteration":251,"passed_time":0.5467456581,"remaining_time":1.622879969},
{"learn":[0.2730835415],"iteration":252,"passed_time":0.5488500845,"remaining_time":1.620517838},
{"learn":[0.2730184073],"iteration":253,"passed_time":0.5512179216,"remaining_time":1.618931376},
{"learn":[0.2727101326],"iteration":254,"passed_time":0.553311992,"remaining_time":1.616538957},
{"learn":[0.2725007342],"iteration":255,"passed_time":0.555473032,"remaining_time":1.614343499},
{"learn":[0.2723008868],"iteration":256,"passed_time":0.5577707109,"remaining_time":1.612543339},
{"learn":[0.2720116836],"iteration":257,"passed_time":0.5595841455,"remaining_time":1.609346651},
{"learn":[0.2717332239],"iteration":258,"passed_time":0.5614926502,"remaining_time":1.60643264},
{"learn":[0.2714824508],"iteration":259,"passed_time":0.5632916433,"remaining_time":1.603214677},
{"learn":[0.2714170589],"iteration":260,"passed_time":0.5651979837,"remaining_time":1.600311532},
{"learn":[0.2710927274],"iteration":261,"passed_time":0.5678095562,"remaining_time":1.59940249},
{"learn":[0.2709486715],"iteration":262,"passed_time":0.5697747196,"remaining_time":1.596669081},
{"learn":[0.2707339694],"iteration":263,"passed_time":0.5717198008,"remaining_time":1.593885505},
{"learn":[0.2705509826],"iteration":264,"passed_time":0.5736358566,"remaining_time":1.591027753},
{"learn":[0.2704473304],"iteration":265,"passed_time":0.5758256933,"remaining_time":1.588932552},
{"learn":[0.2703426648],"iteration":266,"passed_time":0.577697172,"remaining_time":1.585962648},
{"learn":[0.270189132],"iteration":267,"passed_time":0.5794736146,"remaining_time":1.582741365},
{"learn":[0.2701068796],"iteration":268,"passed_time":0.5818752225,"remaining_time":1.581229694},
{"learn":[0.2699658413],"iteration":269,"passed_time":0.5840928572,"remaining_time":1.579214021},
{"learn":[0.2698017699],"iteration":270,"passed_time":0.5862371512,"remaining_time":1.576999569},
{"learn":[0.2696959473],"iteration":271,"passed_time":0.5891070587,"remaining_time":1.576727716},
{"learn":[0.2695340254],"iteration":272,"passed_time":0.5918945286,"remaining_time":1.576217298},
{"learn":[0.269478287],"iteration":273,"passed_time":0.5937474781,"remaining_time":1.573214121},
{"learn":[0.2694245516],"iteration":274,"passed_time":0.5955925929,"remaining_time":1.570198654},
{"learn":[0.2692647722],"iteration":275,"passed_time":0.5977576357,"remaining_time":1.5680309},
{"learn":[0.2689845757],"iteration":276,"passed_time":0.599652805,"remaining_time":1.565158765},
{"learn":[0.2686097755],"iteration":277,"passed_time":0.6015790853,"remaining_time":1.562374459},
{"learn":[0.2684896793],"iteration":278,"passed_time":0.6034240975,"remaining_time":1.559386288},
{"learn":[0.268390891],"iteration":279,"passed_time":0.6052659096,"remaining_time":1.556398053},
{"learn":[0.2682489477],"iteration":280,"passed_time":0.6070948985,"remaining_time":1.553385167},
{"learn":[0.2680753652],"iteration":281,"passed_time":0.609163465,"remaining_time":1.550990666},
{"learn":[0.2679761088],"iteration":282,"passed_time":0.6113851183,"remaining_time":1.548986324},
{"learn":[0.2678950451],"iteration":283,"passed_time":0.6143370018,"remaining_time":1.548821455},
{"learn":[0.2677786398],"iteration":284,"passed_time":0.6164182466,"remaining_time":1.546452794},
{"learn":[0.2676138754],"iteration":285,"passed_time":0.6185722764,"remaining_time":1.544267851},
{"learn":[0.2673753328],"iteration":286,"passed_time":0.6209036805,"remaining_time":1.542523778},
{"learn":[0.2670432837],"iteration":287,"passed_time":0.6229895724,"remaining_time":1.540168665},
{"learn":[0.2669256888],"iteration":288,"passed_time":0.6250746133,"remaining_time":1.537813322},
{"learn":[0.2668732487],"iteration":289,"passed_time":0.6272267777,"remaining_time":1.53562418},
{"learn":[0.2668302825],"iteration":290,"passed_time":0.6293162679,"remaining_time":1.533282591},
{"learn":[0.2665866411],"iteration":291,"passed_time":0.631448972,"remaining_time":1.531047507},
{"learn":[0.2664657695],"iteration":292,"passed_time":0.6335650268,"remaining_time":1.528772949},
{"learn":[0.2662178498],"iteration":293,"passed_time":0.6356464051,"remaining_time":1.526416197},
{"learn":[0.2659336994],"iteration":294,"passed_time":0.6379803648,"remaining_time":1.52466494},
{"learn":[0.2658530826],"iteration":295,"passed_time":0.640088966,"remaining_time":1.522373757},
{"learn":[0.265691613],"iteration":296,"passed_time":0.6421377695,"remaining_time":1.519942262},
{"learn":[0.2655237271],"iteration":297,"passed_time":0.6447482322,"remaining_time":1.51883644},
{"learn":[0.2653382633],"iteration":298,"passed_time":0.6477723817,"remaining_time":1.518690433},
{"learn":[0.2648340925],"iteration":299,"passed_time":0.6497556644,"remaining_time":1.51609655},
{"learn":[0.2646716146],"iteration":300,"passed_time":0.6517076463,"remaining_time":1.513434036},
{"learn":[0.2645952181],"iteration":301,"passed_time":0.6538134314,"remaining_time":1.511131706},
{"learn":[0.2644739487],"iteration":302,"passed_time":0.6557686887,"remaining_time":1.508484409},
{"learn":[0.2643480638],"iteration":303,"passed_time":0.657593844,"remaining_time":1.505543801},
{"learn":[0.2641242334],"iteration":304,"passed_time":0.6594770363,"remaining_time":1.502742755},
{"learn":[0.2638337526],"iteration":305,"passed_time":0.6613150105,"remaining_time":1.499845154},
{"learn":[0.2636489732],"iteration":306,"passed_time":0.6630573461,"remaining_time":1.49673857},
{"learn":[0.2633508393],"iteration":307,"passed_time":0.6650032555,"remaining_time":1.494098223},
{"learn":[0.2631295606],"iteration":308,"passed_time":0.6668767629,"remaining_time":1.491300463},
{"learn":[0.2629914604],"iteration":309,"passed_time":0.668688032,"remaining_time":1.488370136},
{"learn":[0.2626992927],"iteration":310,"passed_time":0.6704404309,"remaining_time":1.485316582},
{"learn":[0.2625005964],"iteration":311,"passed_time":0.6722238904,"remaining_time":1.482339861},
{"learn":[0.262351798],"iteration":312,"passed_time":0.6744576203,"remaining_time":1.480359058},
{"learn":[0.2620234281],"iteration":313,"passed_time":0.676906573,"remaining_time":1.478846844},
{"learn":[0.2618529245],"iteration":314,"passed_time":0.6788478308,"remaining_time":1.476224648},
{"learn":[0.2617264949],"iteration":315,"passed_time":0.6806333343,"remaining_time":1.473269622},
{"learn":[0.2616574201],"iteration":316,"passed_time":0.6823661583,"remaining_time":1.470208474},
{"learn":[0.2616026662],"iteration":317,"passed_time":0.6842281787,"remaining_time":1.467432761},
{"learn":[0.2614230531],"iteration":318,"passed_time":0.6860361534,"remaining_time":1.4645474},
{"learn":[0.2611341235],"iteration":319,"passed_time":0.6878251982,"remaining_time":1.461628546},
{"learn":[0.2609288865],"iteration":320,"passed_time":0.6895738771,"remaining_time":1.458631348},
{"learn":[0.2606530236],"iteration":321,"passed_time":0.6914722313,"remaining_time":1.455957058},
{"learn":[0.2605439823],"iteration":322,"passed_time":0.6932763859,"remaining_time":1.453090134},
{"learn":[0.2602002402],"iteration":323,"passed_time":0.6949935742,"remaining_time":1.450048321},
{"learn":[0.2600455959],"iteration":324,"passed_time":0.6967176185,"remaining_time":1.4470289},
{"learn":[0.2597372513],"iteration":325,"passed_time":0.698456801,"remaining_time":1.444048724},
{"learn":[0.2596223068],"iteration":326,"passed_time":0.70067667,"remaining_time":1.44206544},
{"learn":[0.25947213],"iteration":327,"passed_time":0.7027050711,"remaining_time":1.439688438},
{"learn":[0.259245059],"iteration":328,"passed_time":0.7046132243,"remaining_time":1.437068308},
{"learn":[0.2588589032],"iteration":329,"passed_time":0.7068667962,"remaining_time":1.435153798},
{"learn":[0.2587714785],"iteration":330,"passed_time":0.708717017,"remaining_time":1.432422007},
{"learn":[0.2587002361],"iteration":331,"passed_time":0.7104186253,"remaining_time":1.429396511},
{"learn":[0.2585328375],"iteration":332,"passed_time":0.712150932,"remaining_time":1.426440455},
{"learn":[0.2582525154],"iteration":333,"passed_time":0.7138937154,"remaining_time":1.423512618},
{"learn":[0.2580709694],"iteration":334,"passed_time":0.7156583969,"remaining_time":1.420635325},
{"learn":[0.2578976422],"iteration":335,"passed_time":0.7174410608,"remaining_time":1.417800192},
{"learn":[0.2577175225],"iteration":336,"passed_time":0.7200038591,"remaining_time":1.416506109},
{"learn":[0.257661825],"iteration":337,"passed_time":0.7218479748,"remaining_time":1.413796921},
{"learn":[0.2573081483],"iteration":338,"passed_time":0.7239777189,"remaining_time":1.411649771},
{"learn":[0.2571904535],"iteration":339,"passed_time":0.7258084835,"remaining_time":1.40892235},
{"learn":[0.2570747526],"iteration":340,"passed_time":0.7275907124,"remaining_time":1.406106391},
{"learn":[0.2568597508],"iteration":341,"passed_time":0.7293880188,"remaining_time":1.403325487},
{"learn":[0.2567134449],"iteration":342,"passed_time":0.7311762147,"remaining_time":1.400532866},
{"learn":[0.2564722167],"iteration":343,"passed_time":0.7329472767,"remaining_time":1.397713411},
{"learn":[0.2562606656],"iteration":344,"passed_time":0.7348070385,"remaining_time":1.395068435},
{"learn":[0.2561949939],"iteration":345,"passed_time":0.7366625267,"remaining_time":1.39241992},
{"learn":[0.255863912],"iteration":346,"passed_time":0.7394171677,"remaining_time":1.391468042},
{"learn":[0.2557007692],"iteration":347,"passed_time":0.7415641984,"remaining_time":1.389367406},
{"learn":[0.2554079649],"iteration":348,"passed_time":0.7437708659,"remaining_time":1.387377747},
{"learn":[0.2552496871],"iteration":349,"passed_time":0.7459470727,"remaining_time":1.385330278},
{"learn":[0.2551536381],"iteration":350,"passed_time":0.7480268595,"remaining_time":1.383103794},
{"learn":[0.2549908441],"iteration":351,"passed_time":0.7501280373,"remaining_time":1.380917523},
{"learn":[0.2547735097],"iteration":352,"passed_time":0.7524238959,"remaining_time":1.379088557},
{"learn":[0.2544655116],"iteration":353,"passed_time":0.7547661858,"remaining_time":1.377341684},
{"learn":[0.2542097811],"iteration":354,"passed_time":0.7566875499,"remaining_time":1.374826675},
{"learn":[0.253925707],"iteration":355,"passed_time":0.7584940648,"remaining_time":1.372107241},
{"learn":[0.2538915854],"iteration":356,"passed_time":0.7603076405,"remaining_time":1.369405638},
{"learn":[0.2538315723],"iteration":357,"passed_time":0.7622114245,"remaining_time":1.366870767},
{"learn":[0.2535788919],"iteration":358,"passed_time":0.7640431439,"remaining_time":1.364210739},
{"learn":[0.2535046157],"iteration":359,"passed_time":0.7658800785,"remaining_time":1.361564584},
{"learn":[0.2534111867],"iteration":360,"passed_time":0.7677484439,"remaining_time":1.358978547},
{"learn":[0.2531748526],"iteration":361,"passed_time":0.7706913827,"remaining_time":1.358290337},
{"learn":[0.2529762471],"iteration":362,"passed_time":0.7733803616,"remaining_time":1.357144051},
{"learn":[0.2528727255],"iteration":363,"passed_time":0.7760966196,"remaining_time":1.356036951},
{"learn":[0.2527486448],"iteration":364,"passed_time":0.778868696,"remaining_time":1.355018142},
{"learn":[0.2525581061],"iteration":365,"passed_time":0.7815170634,"remaining_time":1.35377546},
{"learn":[0.2523402322],"iteration":366,"passed_time":0.7833821657,"remaining_time":1.351174144},
{"learn":[0.2522742532],"iteration":367,"passed_time":0.785326235,"remaining_time":1.348712447},
{"learn":[0.2520337673],"iteration":368,"passed_time":0.7872114729,"remaining_time":1.346152952},
{"learn":[0.2517968628],"iteration":369,"passed_time":0.7890871206,"remaining_time":1.343580773},
{"learn":[0.2516145174],"iteration":370,"passed_time":0.7908901997,"remaining_time":1.340889314},
{"learn":[0.251408013],"iteration":371,"passed_time":0.7926670827,"remaining_time":1.338158408},
{"learn":[0.2512744471],"iteration":372,"passed_time":0.7947932045,"remaining_time":1.336019676},
{"learn":[0.2511786862],"iteration":373,"passed_time":0.796964419,"remaining_time":1.333956487},
{"learn":[0.2509422319],"iteration":374,"passed_time":0.7991257654,"remaining_time":1.331876276},
{"learn":[0.2508191875],"iteration":375,"passed_time":0.802280366,"remaining_time":1.331444012},
{"learn":[0.2507026593],"iteration":376,"passed_time":0.8050246642,"remaining_time":1.330319273},
{"learn":[0.2506202065],"iteration":377,"passed_time":0.8069829484,"remaining_time":1.327892577},
{"learn":[0.2504912857],"iteration":378,"passed_time":0.8088108416,"remaining_time":1.325254704},
{"learn":[0.2502378736],"iteration":379,"passed_time":0.8106336002,"remaining_time":1.322612716},
{"learn":[0.250190314],"iteration":380,"passed_time":0.8124120074,"remaining_time":1.319902973},
{"learn":[0.250066873],"iteration":381,"passed_time":0.8142322448,"remaining_time":1.317265778},
{"learn":[0.2498890725],"iteration":382,"passed_time":0.8159032568,"remaining_time":1.314392453},
{"learn":[0.2497442162],"iteration":383,"passed_time":0.8176424225,"remaining_time":1.311634719},
{"learn":[0.2495450318],"iteration":384,"passed_time":0.8195290945,"remaining_time":1.309117904},
{"learn":[0.2493464804],"iteration":385,"passed_time":0.821296704,"remaining_time":1.306414964},
{"learn":[0.2492116864],"iteration":386,"passed_time":0.8231146286,"remaining_time":1.303796556},
{"learn":[0.249128984],"iteration":387,"passed_time":0.8248953925,"remaining_time":1.30112366},
{"learn":[0.2490202674],"iteration":388,"passed_time":0.8272095093,"remaining_time":1.299293085},
{"learn":[0.2487315867],"iteration":389,"passed_time":0.8289877093,"remaining_time":1.296621802},
{"learn":[0.24862272],"iteration":390,"passed_time":0.8307161348,"remaining_time":1.29387756},
{"learn":[0.2485362989],"iteration":391,"passed_time":0.8324834702,"remaining_time":1.291198852},
{"learn":[0.2483503742],"iteration":392,"passed_time":0.8345802586,"remaining_time":1.289033631},
{"learn":[0.2481706999],"iteration":393,"passed_time":0.8363490892,"remaining_time":1.286364335},
{"learn":[0.2480687927],"iteration":394,"passed_time":0.8380871992,"remaining_time":1.283652546},
{"learn":[0.2479062727],"iteration":395,"passed_time":0.8399666644,"remaining_time":1.281161276},
{"learn":[0.2477720803],"iteration":396,"passed_time":0.841810439,"remaining_time":1.278618878},
{"learn":[0.2477283688],"iteration":397,"passed_time":0.8441317567,"remaining_time":1.276802305},
{"learn":[0.2476255721],"iteration":398,"passed_time":0.8459917191,"remaining_time":1.274288279},
{"learn":[0.247432108],"iteration":399,"passed_time":0.8478950904,"remaining_time":1.271842636},
{"learn":[0.2473610212],"iteration":400,"passed_time":0.8500100717,"remaining_time":1.269715793},
{"learn":[0.2471653887],"iteration":401,"passed_time":0.8518020318,"remaining_time":1.267108495},
{"learn":[0.2469846243],"iteration":402,"passed_time":0.8534871066,"remaining_time":1.264346905},
{"learn":[0.2469151281],"iteration":403,"passed_time":0.8553417652,"remaining_time":1.261840822},
{"learn":[0.2466927241],"iteration":404,"passed_time":0.8575386668,"remaining_time":1.259840757},
{"learn":[0.2465979937],"iteration":405,"passed_time":0.8594508831,"remaining_time":1.257423213},
{"learn":[0.2463381986],"iteration":406,"passed_time":0.8612334362,"remaining_time":1.254819233},
{"learn":[0.2462630755],"iteration":407,"passed_time":0.86317194,"remaining_time":1.25244556},
{"learn":[0.2461503432],"iteration":408,"passed_time":0.8654953497,"remaining_time":1.2506302},
{"learn":[0.2460711551],"iteration":409,"passed_time":0.8679788813,"remaining_time":1.24904278},
{"learn":[0.2460133822],"iteration":410,"passed_time":0.8698573409,"remaining_time":1.246583878},
{"learn":[0.245862331],"iteration":411,"passed_time":0.8717381621,"remaining_time":1.244131163},
{"learn":[0.2457192339],"iteration":412,"passed_time":0.8742456339,"remaining_time":1.242571882},
{"learn":[0.2455657794],"iteration":413,"passed_time":0.8767847255,"remaining_time":1.241052776},
{"learn":[0.2452700576],"iteration":414,"passed_time":0.8787929034,"remaining_time":1.238780358},
{"learn":[0.2452281817],"iteration":415,"passed_time":0.8814255845,"remaining_time":1.237385917},
{"learn":[0.244917069],"iteration":416,"passed_time":0.8841618272,"remaining_time":1.236130324},
{"learn":[0.244850231],"iteration":417,"passed_time":0.886951719,"remaining_time":1.234942346},
{"learn":[0.2446605113],"iteration":418,"passed_time":0.8893213392,"remaining_time":1.233163957},
{"learn":[0.2445391493],"iteration":419,"passed_time":0.8912308193,"remaining_time":1.230747322},
{"learn":[0.2444140269],"iteration":420,"passed_time":0.8929871069,"remaining_time":1.228122411},
{"learn":[0.2443606121],"iteration":421,"passed_time":0.895342035,"remaining_time":1.226321555},
{"learn":[0.244178511],"iteration":422,"passed_time":0.9017599333,"remaining_time":1.23006024},
{"learn":[0.2441260907],"iteration":423,"passed_time":0.907175898,"remaining_time":1.232389899},
{"learn":[0.2438856799],"iteration":424,"passed_time":0.9091369775,"remaining_time":1.230008852},
{"learn":[0.2437839699],"iteration":425,"passed_time":0.9114415534,"remaining_time":1.228092609},
{"learn":[0.2436433075],"iteration":426,"passed_time":0.9133901858,"remaining_time":1.2256969},
{"learn":[0.2435537035],"iteration":427,"passed_time":0.9152881479,"remaining_time":1.223235562},
{"learn":[0.2433742844],"iteration":428,"passed_time":0.9185811405,"remaining_time":1.222633639},
{"learn":[0.2433353594],"iteration":429,"passed_time":0.9213548421,"remaining_time":1.221330837},
{"learn":[0.2431285616],"iteration":430,"passed_time":0.923367672,"remaining_time":1.219016718},
{"learn":[0.2430331124],"iteration":431,"passed_time":0.9253409386,"remaining_time":1.216651975},
{"learn":[0.2429213769],"iteration":432,"passed_time":0.9274785179,"remaining_time":1.214504202},
{"learn":[0.2428369739],"iteration":433,"passed_time":0.9293597518,"remaining_time":1.212022165},
{"learn":[0.2427561345],"iteration":434,"passed_time":0.9311619952,"remaining_time":1.209440293},
{"learn":[0.2426799806],"iteration":435,"passed_time":0.9341827659,"remaining_time":1.208438257},
{"learn":[0.2425712832],"iteration":436,"passed_time":0.936179996,"remaining_time":1.206108324},
{"learn":[0.2424291759],"iteration":437,"passed_time":0.9380323758,"remaining_time":1.203594053},
{"learn":[0.2423696476],"iteration":438,"passed_time":0.9398270138,"remaining_time":1.201009008},
{"learn":[0.2422234591],"iteration":439,"passed_time":0.9421296688,"remaining_time":1.199074124},
{"learn":[0.2420333594],"iteration":440,"passed_time":0.945086338,"remaining_time":1.197966583},
{"learn":[0.2417902975],"iteration":441,"passed_time":0.9474806333,"remaining_time":1.196140709},
{"learn":[0.2417492244],"iteration":442,"passed_time":0.9501358195,"remaining_time":1.194640297},
{"learn":[0.2415314779],"iteration":443,"passed_time":0.9527040216,"remaining_time":1.193025757},
{"learn":[0.2412870779],"iteration":444,"passed_time":0.9548353288,"remaining_time":1.190862039},
{"learn":[0.2412145679],"iteration":445,"passed_time":0.9570226836,"remaining_time":1.188768087},
{"learn":[0.2411113015],"iteration":446,"passed_time":0.9591804362,"remaining_time":1.186637094},
{"learn":[0.2410434625],"iteration":447,"passed_time":0.961469669,"remaining_time":1.184667985},
{"learn":[0.2409374842],"iteration":448,"passed_time":0.9636019273,"remaining_time":1.182504815},
{"learn":[0.2407663137],"iteration":449,"passed_time":0.9663388448,"remaining_time":1.18108081},
{"learn":[0.2407054814],"iteration":450,"passed_time":0.9685480281,"remaining_time":1.179008575},
{"learn":[0.2406837306],"iteration":451,"passed_time":0.9703854089,"remaining_time":1.176484965},
{"learn":[0.2405437],"iteration":452,"passed_time":0.9722551782,"remaining_time":1.174003493},
{"learn":[0.2404350105],"iteration":453,"passed_time":0.9741107391,"remaining_time":1.171507629},
{"learn":[0.2403418711],"iteration":454,"passed_time":0.9769928654,"remaining_time":1.170244201},
{"learn":[0.2402024202],"iteration":455,"passed_time":0.9788869372,"remaining_time":1.167794943},
{"learn":[0.2400074067],"iteration":456,"passed_time":0.9807481947,"remaining_time":1.165309124},
{"learn":[0.2398982969],"iteration":457,"passed_time":0.9831174924,"remaining_time":1.163427251},
{"learn":[0.239802262],"iteration":458,"passed_time":0.9852022517,"remaining_time":1.161207883},
{"learn":[0.2396123378],"iteration":459,"passed_time":0.9874473461,"remaining_time":1.159177319},
{"learn":[0.239465976],"iteration":460,"passed_time":0.9896898259,"remaining_time":1.157142768},
{"learn":[0.2393800266],"iteration":461,"passed_time":0.9928378251,"remaining_time":1.156161796},
{"learn":[0.2393052056],"iteration":462,"passed_time":0.9949229433,"remaining_time":1.153938705},
{"learn":[0.2391455165],"iteration":463,"passed_time":0.9968516642,"remaining_time":1.151535543},
{"learn":[0.2390867954],"iteration":464,"passed_time":0.9999376538,"remaining_time":1.150465903},
{"learn":[0.239019892],"iteration":465,"passed_time":1.002823229,"remaining_time":1.149157949},
{"learn":[0.2389749453],"iteration":466,"passed_time":1.006507529,"remaining_time":1.148754846},
{"learn":[0.2389201397],"iteration":467,"passed_time":1.008369866,"remaining_time":1.146266599},
{"learn":[0.2388616104],"iteration":468,"passed_time":1.010246168,"remaining_time":1.143796834},
{"learn":[0.2387551076],"iteration":469,"passed_time":1.011985745,"remaining_time":1.141175414},
{"learn":[0.2382719],"iteration":470,"passed_time":1.013964322,"remaining_time":1.138826171},
{"learn":[0.2380035918],"iteration":471,"passed_time":1.016563042,"remaining_time":1.137172216},
{"learn":[0.2378709545],"iteration":472,"passed_time":1.019990607,"remaining_time":1.136437738},
{"learn":[0.2377413438],"iteration":473,"passed_time":1.02282297,"remaining_time":1.135031397},
{"learn":[0.2376025587],"iteration":474,"passed_time":1.024719356,"remaining_time":1.132584551},
{"learn":[0.2374863652],"iteration":475,"passed_time":1.02659923,"remaining_time":1.130121841},
{"learn":[0.2373866814],"iteration":476,"passed_time":1.028576771,"remaining_time":1.127768661},
{"learn":[0.2371745004],"iteration":477,"passed_time":1.030741746,"remaining_time":1.125621739},
{"learn":[0.2369817861],"iteration":478,"passed_time":1.032712917,"remaining_time":1.123263946},
{"learn":[0.2368528607],"iteration":479,"passed_time":1.034499202,"remaining_time":1.120707469},
{"learn":[0.2367243717],"iteration":480,"passed_time":1.036342158,"remaining_time":1.118215343},
{"learn":[0.2366419192],"iteration":481,"passed_time":1.038318569,"remaining_time":1.115869333},
{"learn":[0.2366075066],"iteration":482,"passed_time":1.040457256,"remaining_time":1.113698554},
{"learn":[0.2365177093],"iteration":483,"passed_time":1.042562516,"remaining_time":1.111492269},
{"learn":[0.2364453167],"iteration":484,"passed_time":1.044248639,"remaining_time":1.108841338},
{"learn":[0.2361941633],"iteration":485,"passed_time":1.046665807,"remaining_time":1.106967541},
{"learn":[0.2361554458],"iteration":486,"passed_time":1.048873108,"remaining_time":1.104870441},
{"learn":[0.2360220208],"iteration":487,"passed_time":1.051022098,"remaining_time":1.10271171},
{"learn":[0.2358277065],"iteration":488,"passed_time":1.053163077,"remaining_time":1.100544647},
{"learn":[0.2357072171],"iteration":489,"passed_time":1.05691254,"remaining_time":1.100051827},
{"learn":[0.2355880606],"iteration":490,"passed_time":1.059801225,"remaining_time":1.098653409},
{"learn":[0.2354310528],"iteration":491,"passed_time":1.062651276,"remaining_time":1.097209041},
{"learn":[0.2352600029],"iteration":492,"passed_time":1.064850595,"remaining_time":1.09508976},
{"learn":[0.2350297523],"iteration":493,"passed_time":1.066918523,"remaining_time":1.092835573},
{"learn":[0.2348686842],"iteration":494,"passed_time":1.068701708,"remaining_time":1.090291642},
{"learn":[0.234770309],"iteration":495,"passed_time":1.07167276,"remaining_time":1.088957805},
{"learn":[0.2346595747],"iteration":496,"passed_time":1.074468571,"remaining_time":1.087440023},
{"learn":[0.2344399559],"iteration":497,"passed_time":1.07719573,"remaining_time":1.085847904},
{"learn":[0.2343458573],"iteration":498,"passed_time":1.079708435,"remaining_time":1.084035924},
{"learn":[0.2342260864],"iteration":499,"passed_time":1.081469539,"remaining_time":1.081469539},
{"learn":[0.2340815441],"iteration":500,"passed_time":1.083303769,"remaining_time":1.078979204},
{"learn":[0.233820882],"iteration":501,"passed_time":1.085222569,"remaining_time":1.076575377},
{"learn":[0.2336912044],"iteration":502,"passed_time":1.087454417,"remaining_time":1.074482793},
{"learn":[0.2336010316],"iteration":503,"passed_time":1.089395052,"remaining_time":1.072103067},
{"learn":[0.2334600431],"iteration":504,"passed_time":1.091300266,"remaining_time":1.06969036},
{"learn":[0.2332577412],"iteration":505,"passed_time":1.093542791,"remaining_time":1.06760897},
{"learn":[0.2331610076],"iteration":506,"passed_time":1.095785961,"remaining_time":1.065527571},
{"learn":[0.2329982068],"iteration":507,"passed_time":1.09795087,"remaining_time":1.06336974},
{"learn":[0.2329182633],"iteration":508,"passed_time":1.100042815,"remaining_time":1.061141498},
{"learn":[0.2328083791],"iteration":509,"passed_time":1.103153708,"remaining_time":1.059892778},
{"learn":[0.2326533673],"iteration":510,"passed_time":1.105991821,"remaining_time":1.058375735},
{"learn":[0.2325225113],"iteration":511,"passed_time":1.108597845,"remaining_time":1.056632321},
{"learn":[0.2324630828],"iteration":512,"passed_time":1.110489536,"remaining_time":1.054207415},
{"learn":[0.2324139722],"iteration":513,"passed_time":1.112294607,"remaining_time":1.051702683},
{"learn":[0.2323164718],"iteration":514,"passed_time":1.114152166,"remaining_time":1.049250098},
{"learn":[0.2322029458],"iteration":515,"passed_time":1.11610257,"remaining_time":1.046886907},
{"learn":[0.2320748959],"iteration":516,"passed_time":1.118685946,"remaining_time":1.045116657},
{"learn":[0.2319707512],"iteration":517,"passed_time":1.120524915,"remaining_time":1.042650597},
{"learn":[0.2317986007],"iteration":518,"passed_time":1.122368192,"remaining_time":1.040190944},
{"learn":[0.2316679975],"iteration":519,"passed_time":1.124184042,"remaining_time":1.037708346},
{"learn":[0.2315656498],"iteration":520,"passed_time":1.125998181,"remaining_time":1.035226735},
{"learn":[0.2314665679],"iteration":521,"passed_time":1.127764062,"remaining_time":1.032703489},
{"learn":[0.2313836385],"iteration":522,"passed_time":1.129596492,"remaining_time":1.030243837},
{"learn":[0.2312718654],"iteration":523,"passed_time":1.13144399,"remaining_time":1.027800266},
{"learn":[0.23114849],"iteration":524,"passed_time":1.133736903,"remaining_time":1.02576196},
{"learn":[0.2309699419],"iteration":525,"passed_time":1.135590145,"remaining_time":1.023326481},
{"learn":[0.2309217812],"iteration":526,"passed_time":1.137458227,"remaining_time":1.02090653},
{"learn":[0.2309033807],"iteration":527,"passed_time":1.139338151,"remaining_time":1.018499256},
{"learn":[0.2307149299],"iteration":528,"passed_time":1.141930079,"remaining_time":1.016727915},
{"learn":[0.2305778251],"iteration":529,"passed_time":1.144799466,"remaining_time":1.015199526},
{"learn":[0.2304079771],"iteration":530,"passed_time":1.146767615,"remaining_time":1.012870078},
{"learn":[0.2303520236],"iteration":531,"passed_time":1.148935152,"remaining_time":1.010717389},
{"learn":[0.230262085],"iteration":532,"passed_time":1.150692064,"remaining_time":1.008204866},
{"learn":[0.2302067647],"iteration":533,"passed_time":1.15246153,"remaining_time":1.005706129},
{"learn":[0.2300868754],"iteration":534,"passed_time":1.154242097,"remaining_time":1.003219767},
{"learn":[0.22995302],"iteration":535,"passed_time":1.156131263,"remaining_time":1.000830049},
{"learn":[0.2298028336],"iteration":536,"passed_time":1.15831443,"remaining_time":0.9986956817},
{"learn":[0.2297586149],"iteration":537,"passed_time":1.160501057,"remaining_time":0.9965641043},
{"learn":[0.2296667218],"iteration":538,"passed_time":1.16344712,"remaining_time":0.9950818595},
{"learn":[0.2296019222],"iteration":539,"passed_time":1.166254012,"remaining_time":0.9934756399},
{"learn":[0.2295863368],"iteration":540,"passed_time":1.169020227,"remaining_time":0.9918304702},
{"learn":[0.2294910297],"iteration":541,"passed_time":1.171805788,"remaining_time":0.9901975106},
{"learn":[0.22937662],"iteration":542,"passed_time":1.174642972,"remaining_time":0.9886037534},
{"learn":[0.2292341619],"iteration":543,"passed_time":1.177552704,"remaining_time":0.9870662371},
{"learn":[0.2291792754],"iteration":544,"passed_time":1.179836968,"remaining_time":0.9850015057},
{"learn":[0.2290582746],"iteration":545,"passed_time":1.181981444,"remaining_time":0.9828197354},
{"learn":[0.2289418046],"iteration":546,"passed_time":1.184128727,"remaining_time":0.9806404267},
{"learn":[0.2287762621],"iteration":547,"passed_time":1.186284326,"remaining_time":0.9784680935},
{"learn":[0.228630604],"iteration":548,"passed_time":1.188414851,"remaining_time":0.976275224},
{"learn":[0.2285074529],"iteration":549,"passed_time":1.190526806,"remaining_time":0.9740673866},
{"learn":[0.2284314549],"iteration":550,"passed_time":1.192609332,"remaining_time":0.9718359164},
{"learn":[0.2280668575],"iteration":551,"passed_time":1.194743341,"remaining_time":0.9696467697},
{"learn":[0.2279836952],"iteration":552,"passed_time":1.197231542,"remaining_time":0.9677441214},
{"learn":[0.2279356058],"iteration":553,"passed_time":1.19928711,"remaining_time":0.9654910668},
{"learn":[0.2278025929],"iteration":554,"passed_time":1.201113343,"remaining_time":0.9630548427},
{"learn":[0.2277657608],"iteration":555,"passed_time":1.202963363,"remaining_time":0.9606398079},
{"learn":[0.2276798079],"iteration":556,"passed_time":1.204789578,"remaining_time":0.9582078688},
{"learn":[0.2274760243],"iteration":557,"passed_time":1.206607145,"remaining_time":0.9557712508},
{"learn":[0.227369526],"iteration":558,"passed_time":1.208588098,"remaining_time":0.9534657449},
{"learn":[0.2273114199],"iteration":559,"passed_time":1.210531096,"remaining_time":0.9511315753},
{"learn":[0.2272018734],"iteration":560,"passed_time":1.212915529,"remaining_time":0.9491442378},
{"learn":[0.2271316382],"iteration":561,"passed_time":1.214718107,"remaining_time":0.9467020121},
{"learn":[0.2270594021],"iteration":562,"passed_time":1.216585328,"remaining_time":0.9443122354},
{"learn":[0.2269630835],"iteration":563,"passed_time":1.218415566,"remaining_time":0.9418957214},
{"learn":[0.2268319377],"iteration":564,"passed_time":1.22126131,"remaining_time":0.9402631322},
{"learn":[0.2267113176],"iteration":565,"passed_time":1.223680146,"remaining_time":0.9382989103},
{"learn":[0.2265722316],"iteration":566,"passed_time":1.225930423,"remaining_time":0.9362043616},
{"learn":[0.2264550963],"iteration":567,"passed_time":1.228472363,"remaining_time":0.934331093},
{"learn":[0.2263456246],"iteration":568,"passed_time":1.230357791,"remaining_time":0.9319581859},
{"learn":[0.2262236505],"iteration":569,"passed_time":1.232224836,"remaining_time":0.9295731217},
{"learn":[0.2261171668],"iteration":570,"passed_time":1.234429912,"remaining_time":0.927443839},
{"learn":[0.2259060855],"iteration":571,"passed_time":1.23649796,"remaining_time":0.9252117603},
{"learn":[0.2258728769],"iteration":572,"passed_time":1.238735058,"remaining_time":0.9231062296},
{"learn":[0.2257226308],"iteration":573,"passed_time":1.240835479,"remaining_time":0.920898805},
{"learn":[0.2256118285],"iteration":574,"passed_time":1.243247238,"remaining_time":0.9189218715},
{"learn":[0.2254974965],"iteration":575,"passed_time":1.245500012,"remaining_time":0.9168263978},
{"learn":[0.225337737],"iteration":576,"passed_time":1.247674874,"remaining_time":0.914673261},
{"learn":[0.2252394558],"iteration":577,"passed_time":1.250243396,"remaining_time":0.9128074621},
{"learn":[0.2251101212],"iteration":578,"passed_time":1.252423919,"remaining_time":0.9106571156},
{"learn":[0.2249800142],"iteration":579,"passed_time":1.255252958,"remaining_time":0.9089762797},
{"learn":[0.2248480485],"iteration":580,"passed_time":1.257642991,"remaining_time":0.9069748934},
{"learn":[0.2247512463],"iteration":581,"passed_time":1.260596637,"remaining_time":0.9053769658},
{"learn":[0.2247020128],"iteration":582,"passed_time":1.262608723,"remaining_time":0.9031009216},
{"learn":[0.2245814928],"iteration":583,"passed_time":1.264434786,"remaining_time":0.9006932722},
{"learn":[0.2243920711],"iteration":584,"passed_time":1.266404932,"remaining_time":0.8983898237},
{"learn":[0.2242844508],"iteration":585,"passed_time":1.268245158,"remaining_time":0.8959957262},
{"learn":[0.2239722856],"iteration":586,"passed_time":1.2711331,"remaining_time":0.8943406646},
{"learn":[0.223869356],"iteration":587,"passed_time":1.273053688,"remaining_time":0.8920036047},
{"learn":[0.2238010073],"iteration":588,"passed_time":1.275647991,"remaining_time":0.890138072},
{"learn":[0.2236877054],"iteration":589,"passed_time":1.277526401,"remaining_time":0.8877725839},
{"learn":[0.2235265813],"iteration":590,"passed_time":1.279349465,"remaining_time":0.8853704422},
{"learn":[0.2234549044],"iteration":591,"passed_time":1.281234176,"remaining_time":0.8830127427},
{"learn":[0.2232398964],"iteration":592,"passed_time":1.28357501,"remaining_time":0.8809696952},
{"learn":[0.2230767895],"iteration":593,"passed_time":1.285948883,"remaining_time":0.8789482263},
{"learn":[0.2230002472],"iteration":594,"passed_time":1.28795045,"remaining_time":0.8766721549},
{"learn":[0.2228956318],"iteration":595,"passed_time":1.289996815,"remaining_time":0.8744273711},
{"learn":[0.2227398151],"iteration":596,"passed_time":1.291839534,"remaining_time":0.8720457824},
{"learn":[0.2226141823],"iteration":597,"passed_time":1.293694864,"remaining_time":0.8696744737},
{"learn":[0.2225744598],"iteration":598,"passed_time":1.295617759,"remaining_time":0.867350119},
{"learn":[0.2224762861],"iteration":599,"passed_time":1.297473477,"remaining_time":0.8649823182},
{"learn":[0.2224266145],"iteration":600,"passed_time":1.299338268,"remaining_time":0.8626222446},
{"learn":[0.2221042165],"iteration":601,"passed_time":1.301405529,"remaining_time":0.8603976752},
{"learn":[0.2220020123],"iteration":602,"passed_time":1.303249374,"remaining_time":0.8580265368},
{"learn":[0.2217935528],"iteration":603,"passed_time":1.305172493,"remaining_time":0.8557091177},
{"learn":[0.2216985694],"iteration":604,"passed_time":1.307662148,"remaining_time":0.8537628897},
{"learn":[0.2215923988],"iteration":605,"passed_time":1.309692203,"remaining_time":0.8515160526},
{"learn":[0.2214793112],"iteration":606,"passed_time":1.311518655,"remaining_time":0.8491381079},
{"learn":[0.2214333563],"iteration":607,"passed_time":1.31341122,"remaining_time":0.8468046025},
{"learn":[0.2213184218],"iteration":608,"passed_time":1.315147905,"remaining_time":0.8443724646},
{"learn":[0.2211813083],"iteration":609,"passed_time":1.317031517,"remaining_time":0.8420365438},
{"learn":[0.2210001427],"iteration":610,"passed_time":1.318938234,"remaining_time":0.8397168133},
{"learn":[0.2208798858],"iteration":611,"passed_time":1.320862825,"remaining_time":0.8374097651},
{"learn":[0.2207174249],"iteration":612,"passed_time":1.322625913,"remaining_time":0.8350020036},
{"learn":[0.2205536409],"iteration":613,"passed_time":1.324532134,"remaining_time":0.8326863253},
{"learn":[0.2204720213],"iteration":614,"passed_time":1.32732065,"remaining_time":0.8309243096},
{"learn":[0.2203570752],"iteration":615,"passed_time":1.330097048,"remaining_time":0.8291514066},
{"learn":[0.2203095799],"iteration":616,"passed_time":1.333009647,"remaining_time":0.8274597971},
{"learn":[0.2202338259],"iteration":617,"passed_time":1.335164469,"remaining_time":0.8252958369},
{"learn":[0.2201425117],"iteration":618,"passed_time":1.337361022,"remaining_time":0.8231575922},
{"learn":[0.220066799],"iteration":619,"passed_time":1.339513507,"remaining_time":0.8209921494},
{"learn":[0.2199848791],"iteration":620,"passed_time":1.341786922,"remaining_time":0.8189005528},
{"learn":[0.2199064912],"iteration":621,"passed_time":1.343896694,"remaining_time":0.8167089236},
{"learn":[0.2197759534],"iteration":622,"passed_time":1.345974699,"remaining_time":0.814498333},
{"learn":[0.219678397],"iteration":623,"passed_time":1.348225023,"remaining_time":0.8123920013},
{"learn":[0.2194911364],"iteration":624,"passed_time":1.350285669,"remaining_time":0.8101714012},
{"learn":[0.2193711448],"iteration":625,"passed_time":1.352558688,"remaining_time":0.8080781938},
{"learn":[0.2192657557],"iteration":626,"passed_time":1.354641914,"remaining_time":0.8058715052},
{"learn":[0.2191739863],"iteration":627,"passed_time":1.356819472,"remaining_time":0.8037210884},
{"learn":[0.2190421658],"iteration":628,"passed_time":1.359612971,"remaining_time":0.8019338829},
{"learn":[0.218871849],"iteration":629,"passed_time":1.362361052,"remaining_time":0.8001168083},
{"learn":[0.2187947891],"iteration":630,"passed_time":1.364948571,"remaining_time":0.7982028885},
{"learn":[0.2186920469],"iteration":631,"passed_time":1.367563733,"remaining_time":0.7963029329},
{"learn":[0.2185574421],"iteration":632,"passed_time":1.369557319,"remaining_time":0.7940403415},
{"learn":[0.2184837565],"iteration":633,"passed_time":1.371501951,"remaining_time":0.7917503376},
{"learn":[0.2183596684],"iteration":634,"passed_time":1.373341145,"remaining_time":0.7894008154},
{"learn":[0.2181745499],"iteration":635,"passed_time":1.375289993,"remaining_time":0.7871156565},
{"learn":[0.2179647209],"iteration":636,"passed_time":1.377270561,"remaining_time":0.7848496291},
{"learn":[0.2179243559],"iteration":637,"passed_time":1.379083598,"remaining_time":0.7824894397},
{"learn":[0.2178278641],"iteration":638,"passed_time":1.38120727,"remaining_time":0.7803064547},
{"learn":[0.2176660981],"iteration":639,"passed_time":1.383098194,"remaining_time":0.7779927343},
{"learn":[0.2175710896],"iteration":640,"passed_time":1.385035316,"remaining_time":0.7757062065},
{"learn":[0.2174178168],"iteration":641,"passed_time":1.386954337,"remaining_time":0.7734106741},
{"learn":[0.2173602466],"iteration":642,"passed_time":1.388811849,"remaining_time":0.771082162},
{"learn":[0.2172702879],"iteration":643,"passed_time":1.390812453,"remaining_time":0.768834213},
{"learn":[0.2171734733],"iteration":644,"passed_time":1.3930512,"remaining_time":0.7667181022},
{"learn":[0.2171263672],"iteration":645,"passed_time":1.396122422,"remaining_time":0.7650577978},
{"learn":[0.2169402853],"iteration":646,"passed_time":1.398313318,"remaining_time":0.7629128304},
{"learn":[0.2168591976],"iteration":647,"passed_time":1.400221144,"remaining_time":0.7606139549},
{"learn":[0.2168354977],"iteration":648,"passed_time":1.402814883,"remaining_time":0.7586872481},
{"learn":[0.2167424305],"iteration":649,"passed_time":1.404657812,"remaining_time":0.7563542065},
{"learn":[0.2166915153],"iteration":650,"passed_time":1.406536526,"remaining_time":0.7540418547},
{"learn":[0.2165407363],"iteration":651,"passed_time":1.408486389,"remaining_time":0.7517688086},
{"learn":[0.2164534845],"iteration":652,"passed_time":1.410994166,"remaining_time":0.7497932245},
{"learn":[0.2163496461],"iteration":653,"passed_time":1.412826468,"remaining_time":0.7474586515},
{"learn":[0.2162373156],"iteration":654,"passed_time":1.414689081,"remaining_time":0.7451415768},
{"learn":[0.2161485251],"iteration":655,"passed_time":1.417179907,"remaining_time":0.7431553168},
{"learn":[0.2160082264],"iteration":656,"passed_time":1.420036659,"remaining_time":0.7413585603},
{"learn":[0.2159350331],"iteration":657,"passed_time":1.421968508,"remaining_time":0.7390778567},
{"learn":[0.215840201],"iteration":658,"passed_time":1.423893934,"remaining_time":0.7367948885},
{"learn":[0.2157747356],"iteration":659,"passed_time":1.426258908,"remaining_time":0.7347394375},
{"learn":[0.2156990862],"iteration":660,"passed_time":1.428450876,"remaining_time":0.7325943224},
{"learn":[0.2153418234],"iteration":661,"passed_time":1.43070695,"remaining_time":0.7304817962},
{"learn":[0.2152201647],"iteration":662,"passed_time":1.432881952,"remaining_time":0.7283276286},
{"learn":[0.2151154499],"iteration":663,"passed_time":1.434975525,"remaining_time":0.7261321933},
{"learn":[0.2150234913],"iteration":664,"passed_time":1.437099083,"remaining_time":0.7239521695},
{"learn":[0.2149477689],"iteration":665,"passed_time":1.439320949,"remaining_time":0.7218216168},
{"learn":[0.2148588716],"iteration":666,"passed_time":1.442291588,"remaining_time":0.7200646158},
{"learn":[0.2147205952],"iteration":667,"passed_time":1.444521156,"remaining_time":0.7179356646},
{"learn":[0.2146269724],"iteration":668,"passed_time":1.446623368,"remaining_time":0.7157434005},
{"learn":[0.2145837117],"iteration":669,"passed_time":1.448764943,"remaining_time":0.7135707929},
{"learn":[0.2144848842],"iteration":670,"passed_time":1.450824243,"remaining_time":0.7113579373},
{"learn":[0.2142460571],"iteration":671,"passed_time":1.452977968,"remaining_time":0.7091916274},
{"learn":[0.2141569695],"iteration":672,"passed_time":1.455241172,"remaining_time":0.7070785485},
{"learn":[0.2140736259],"iteration":673,"passed_time":1.457789045,"remaining_time":0.705102713},
{"learn":[0.2139833055],"iteration":674,"passed_time":1.459802491,"remaining_time":0.7028678659},
{"learn":[0.2137685632],"iteration":675,"passed_time":1.461926353,"remaining_time":0.7006865952},
{"learn":[0.2136605833],"iteration":676,"passed_time":1.4645284,"remaining_time":0.6987336383},
{"learn":[0.213641628],"iteration":677,"passed_time":1.46733118,"remaining_time":0.6968741001},
{"learn":[0.2136157905],"iteration":678,"passed_time":1.469899467,"remaining_time":0.6949009264},
{"learn":[0.2135358156],"iteration":679,"passed_time":1.472096717,"remaining_time":0.6927513962},
{"learn":[0.2134384554],"iteration":680,"passed_time":1.474220468,"remaining_time":0.6905672969},
{"learn":[0.2133267797],"iteration":681,"passed_time":1.476111924,"remaining_time":0.6882750615},
{"learn":[0.2131906118],"iteration":682,"passed_time":1.477974261,"remaining_time":0.6859704841},
{"learn":[0.2131163447],"iteration":683,"passed_time":1.480225283,"remaining_time":0.6838467679},
{"learn":[0.2130768633],"iteration":684,"passed_time":1.482099995,"remaining_time":0.6815496327},
{"learn":[0.2129677925],"iteration":685,"passed_time":1.483948022,"remaining_time":0.6792415142},
{"learn":[0.2128522941],"iteration":686,"passed_time":1.486287328,"remaining_time":0.6771585643},
{"learn":[0.2127590971],"iteration":687,"passed_time":1.488879256,"remaining_time":0.6751894299},
{"learn":[0.2125560471],"iteration":688,"passed_time":1.491349699,"remaining_time":0.6731636521},
{"learn":[0.2124924731],"iteration":689,"passed_time":1.493204748,"remaining_time":0.6708601042},
{"learn":[0.2124122156],"iteration":690,"passed_time":1.495428877,"remaining_time":0.6687228989},
{"learn":[0.2121533344],"iteration":691,"passed_time":1.497344145,"remaining_time":0.6664479721},
{"learn":[0.212016585],"iteration":692,"passed_time":1.499183996,"remaining_time":0.6641406735},
{"learn":[0.2118595699],"iteration":693,"passed_time":1.501287209,"remaining_time":0.6619508445},
{"learn":[0.2117577317],"iteration":694,"passed_time":1.503236457,"remaining_time":0.659693697},
{"learn":[0.2117076422],"iteration":695,"passed_time":1.505210961,"remaining_time":0.6574484659},
{"learn":[0.2116157434],"iteration":696,"passed_time":1.507722583,"remaining_time":0.6554375075},
{"learn":[0.2114995258],"iteration":697,"passed_time":1.509502718,"remaining_time":0.6531086257},
{"learn":[0.2113530989],"iteration":698,"passed_time":1.511359942,"remaining_time":0.6508145101},
{"learn":[0.211344101],"iteration":699,"passed_time":1.5132316,"remaining_time":0.6485278285},
{"learn":[0.2112529713],"iteration":700,"passed_time":1.515024585,"remaining_time":0.6462087745},
{"learn":[0.2112296977],"iteration":701,"passed_time":1.517206663,"remaining_time":0.6440563897},
{"learn":[0.2110255866],"iteration":702,"passed_time":1.519976779,"remaining_time":0.6421523519},
{"learn":[0.2108676539],"iteration":703,"passed_time":1.522441614,"remaining_time":0.6401174966},
{"learn":[0.2108051723],"iteration":704,"passed_time":1.524264981,"remaining_time":0.6378130063},
{"learn":[0.2107336788],"iteration":705,"passed_time":1.52608568,"remaining_time":0.6355087676},
{"learn":[0.2106335029],"iteration":706,"passed_time":1.527984627,"remaining_time":0.633238325},
{"learn":[0.2105890719],"iteration":707,"passed_time":1.529870463,"remaining_time":0.6309635243},
{"learn":[0.2105233659],"iteration":708,"passed_time":1.531714197,"remaining_time":0.6286725407},
{"learn":[0.2103323542],"iteration":709,"passed_time":1.533575654,"remaining_time":0.626390056},
{"learn":[0.2102370072],"iteration":710,"passed_time":1.535486641,"remaining_time":0.6241288878},
{"learn":[0.2101405623],"iteration":711,"passed_time":1.537331913,"remaining_time":0.621842122},
{"learn":[0.2100724525],"iteration":712,"passed_time":1.539358183,"remaining_time":0.6196294508},
{"learn":[0.2099374026],"iteration":713,"passed_time":1.541131256,"remaining_time":0.6173158814},
{"learn":[0.2098699368],"iteration":714,"passed_time":1.542954143,"remaining_time":0.6150236793},
{"learn":[0.2098055065],"iteration":715,"passed_time":1.544832941,"remaining_time":0.6127549654},
{"learn":[0.2097791269],"iteration":716,"passed_time":1.546725806,"remaining_time":0.6104928914},
{"learn":[0.2097033164],"iteration":717,"passed_time":1.548848802,"remaining_time":0.6083222315},
{"learn":[0.2096743327],"iteration":718,"passed_time":1.550727591,"remaining_time":0.6060562628},
{"learn":[0.2096227453],"iteration":719,"passed_time":1.55257295,"remaining_time":0.6037783693},
{"learn":[0.2095204987],"iteration":720,"passed_time":1.554403673,"remaining_time":0.601496012},
{"learn":[0.209513497],"iteration":721,"passed_time":1.556339205,"remaining_time":0.5992552618},
{"learn":[0.209479649],"iteration":722,"passed_time":1.558136699,"remaining_time":0.5969624697},
{"learn":[0.2093674955],"iteration":723,"passed_time":1.560019591,"remaining_time":0.5947036012},
{"learn":[0.2092815169],"iteration":724,"passed_time":1.561881902,"remaining_time":0.5924379627},
{"learn":[0.2092221124],"iteration":725,"passed_time":1.563775806,"remaining_time":0.5901853595},
{"learn":[0.2091423674],"iteration":726,"passed_time":1.565590374,"remaining_time":0.5879039505},
{"learn":[0.2090702843],"iteration":727,"passed_time":1.567414264,"remaining_time":0.5856273073},
{"learn":[0.2090450819],"iteration":728,"passed_time":1.569294343,"remaining_time":0.5833727943},
{"learn":[0.2089399631],"iteration":729,"passed_time":1.571202762,"remaining_time":0.5811297887},
{"learn":[0.2088933838],"iteration":730,"passed_time":1.573068649,"remaining_time":0.5788720474},
{"learn":[0.2088126046],"iteration":731,"passed_time":1.575040984,"remaining_time":0.5766543494},
{"learn":[0.2087332498],"iteration":732,"passed_time":1.576962822,"remaining_time":0.5744189269},
{"learn":[0.2086290992],"iteration":733,"passed_time":1.578940614,"remaining_time":0.5722046366},
{"learn":[0.2085767496],"iteration":734,"passed_time":1.580947168,"remaining_time":0.5700013599},
{"learn":[0.2085177631],"iteration":735,"passed_time":1.582815474,"remaining_time":0.5677490288},
{"learn":[0.2083843328],"iteration":736,"passed_time":1.584670972,"remaining_time":0.565493169},
{"learn":[0.2082892671],"iteration":737,"passed_time":1.586560901,"remaining_time":0.5632506178},
{"learn":[0.208158399],"iteration":738,"passed_time":1.58855204,"remaining_time":0.5610447664},
{"learn":[0.2080981823],"iteration":739,"passed_time":1.590419581,"remaining_time":0.5587960691},
{"learn":[0.2080446446],"iteration":740,"passed_time":1.592160158,"remaining_time":0.5565040229},
{"learn":[0.2079449051],"iteration":741,"passed_time":1.594191787,"remaining_time":0.5543146646},
{"learn":[0.20786723],"iteration":742,"passed_time":1.596035274,"remaining_time":0.5520606535},
{"learn":[0.2077226321],"iteration":743,"passed_time":1.597923905,"remaining_time":0.5498232792},
{"learn":[0.2076578615],"iteration":744,"passed_time":1.599753569,"remaining_time":0.5475666579},
{"learn":[0.2075575646],"iteration":745,"passed_time":1.601481426,"remaining_time":0.5452765178},
{"learn":[0.2074063749],"iteration":746,"passed_time":1.603267969,"remaining_time":0.5430077594},
{"learn":[0.2073909038],"iteration":747,"passed_time":1.605218843,"remaining_time":0.540795653},
{"learn":[0.2073001902],"iteration":748,"passed_time":1.607048185,"remaining_time":0.5385435173},
{"learn":[0.2071989804],"iteration":749,"passed_time":1.608925542,"remaining_time":0.5363085138},
{"learn":[0.2071218726],"iteration":750,"passed_time":1.610863506,"remaining_time":0.5340945578},
{"learn":[0.207012035],"iteration":751,"passed_time":1.612733382,"remaining_time":0.5318588812},
{"learn":[0.2068956499],"iteration":752,"passed_time":1.614642616,"remaining_time":0.5296370866},
{"learn":[0.2067291619],"iteration":753,"passed_time":1.616585578,"remaining_time":0.5274271249},
{"learn":[0.2066338679],"iteration":754,"passed_time":1.618424533,"remaining_time":0.52518412},
{"learn":[0.2065618355],"iteration":755,"passed_time":1.620305027,"remaining_time":0.5229555906},
{"learn":[0.2065396957],"iteration":756,"passed_time":1.622305997,"remaining_time":0.5207666543},
{"learn":[0.2064639328],"iteration":757,"passed_time":1.624253817,"remaining_time":0.5185612449},
{"learn":[0.2064394479],"iteration":758,"passed_time":1.626089096,"remaining_time":0.5163207802},
{"learn":[0.2063763879],"iteration":759,"passed_time":1.627949383,"remaining_time":0.5140892788},
{"learn":[0.2063194967],"iteration":760,"passed_time":1.629783014,"remaining_time":0.5118503816},
{"learn":[0.206280255],"iteration":761,"passed_time":1.631572416,"remaining_time":0.5095987335},
{"learn":[0.2062200775],"iteration":762,"passed_time":1.633301927,"remaining_time":0.5073296942},
{"learn":[0.2061317904],"iteration":763,"passed_time":1.635217335,"remaining_time":0.5051194909},
{"learn":[0.2060434246],"iteration":764,"passed_time":1.637176698,"remaining_time":0.5029235609},
{"learn":[0.2059937153],"iteration":765,"passed_time":1.638890779,"remaining_time":0.500653319},
{"learn":[0.2058673712],"iteration":766,"passed_time":1.640611607,"remaining_time":0.4983865768},
{"learn":[0.2058132441],"iteration":767,"passed_time":1.642535756,"remaining_time":0.4961826764},
{"learn":[0.2057160875],"iteration":768,"passed_time":1.644297425,"remaining_time":0.4939306958},
{"learn":[0.2056225329],"iteration":769,"passed_time":1.646125503,"remaining_time":0.4916998257},
{"learn":[0.2054805382],"iteration":770,"passed_time":1.647871454,"remaining_time":0.489445607},
{"learn":[0.2054437212],"iteration":771,"passed_time":1.649733455,"remaining_time":0.4872269788},
{"learn":[0.2053766042],"iteration":772,"passed_time":1.651548584,"remaining_time":0.4849955092},
{"learn":[0.2052902085],"iteration":773,"passed_time":1.653281337,"remaining_time":0.4827410623},
{"learn":[0.2052243153],"iteration":774,"passed_time":1.655104365,"remaining_time":0.4805141705},
{"learn":[0.2051319598],"iteration":775,"passed_time":1.657049099,"remaining_time":0.4783234513},
{"learn":[0.2050359706],"iteration":776,"passed_time":1.658914667,"remaining_time":0.4761106444},
{"learn":[0.2049889344],"iteration":777,"passed_time":1.66080388,"remaining_time":0.4739054774},
{"learn":[0.204866101],"iteration":778,"passed_time":1.662652643,"remaining_time":0.4716896458},
{"learn":[0.2048259643],"iteration":779,"passed_time":1.66451127,"remaining_time":0.4694775377},
{"learn":[0.2047432548],"iteration":780,"passed_time":1.666211306,"remaining_time":0.4672218643},
{"learn":[0.2046584267],"iteration":781,"passed_time":1.668072309,"remaining_time":0.4650124851},
{"learn":[0.2045642141],"iteration":782,"passed_time":1.669837461,"remaining_time":0.4627774318},
{"learn":[0.2044861728],"iteration":783,"passed_time":1.671536131,"remaining_time":0.4605252605},
{"learn":[0.2044183205],"iteration":784,"passed_time":1.673392259,"remaining_time":0.4583176252},
{"learn":[0.2042737026],"iteration":785,"passed_time":1.675420609,"remaining_time":0.456157774},
{"learn":[0.2042481299],"iteration":786,"passed_time":1.678346016,"remaining_time":0.4542410438},
{"learn":[0.2041734084],"iteration":787,"passed_time":1.681092917,"remaining_time":0.4522737288},
{"learn":[0.2040803898],"iteration":788,"passed_time":1.683834716,"remaining_time":0.4503030735},
{"learn":[0.2039524751],"iteration":789,"passed_time":1.686436733,"remaining_time":0.4482933088},
{"learn":[0.2038682013],"iteration":790,"passed_time":1.688337117,"remaining_time":0.4460966593},
{"learn":[0.2037252427],"iteration":791,"passed_time":1.690099726,"remaining_time":0.4438645744},
{"learn":[0.2036337037],"iteration":792,"passed_time":1.691989111,"remaining_time":0.4416667666},
{"learn":[0.2035725174],"iteration":793,"passed_time":1.694176062,"remaining_time":0.4395469381},
{"learn":[0.2034319821],"iteration":794,"passed_time":1.697171454,"remaining_time":0.4376354064},
{"learn":[0.2034006803],"iteration":795,"passed_time":1.699477724,"remaining_time":0.4355445423},
{"learn":[0.2033768594],"iteration":796,"passed_time":1.701327011,"remaining_time":0.4333367418},
{"learn":[0.2033202303],"iteration":797,"passed_time":1.703262499,"remaining_time":0.4311516602},
{"learn":[0.2032427007],"iteration":798,"passed_time":1.706427303,"remaining_time":0.4292764555},
{"learn":[0.2031500713],"iteration":799,"passed_time":1.708349076,"remaining_time":0.4270872691},
{"learn":[0.2030646986],"iteration":800,"passed_time":1.710220793,"remaining_time":0.4248863143},
{"learn":[0.2029207525],"iteration":801,"passed_time":1.712030739,"remaining_time":0.4226709307},
{"learn":[0.2028409029],"iteration":802,"passed_time":1.713781911,"remaining_time":0.4204421377},
{"learn":[0.2027572245],"iteration":803,"passed_time":1.715578534,"remaining_time":0.4182256128},
{"learn":[0.2026461052],"iteration":804,"passed_time":1.717428717,"remaining_time":0.4160231053},
{"learn":[0.2025515769],"iteration":805,"passed_time":1.71937731,"remaining_time":0.4138451589},
{"learn":[0.2024902397],"iteration":806,"passed_time":1.72124109,"remaining_time":0.4116474973},
{"learn":[0.2022851946],"iteration":807,"passed_time":1.723194236,"remaining_time":0.4094718976},
{"learn":[0.2022121561],"iteration":808,"passed_time":1.725017188,"remaining_time":0.4072661099},
{"learn":[0.2021180013],"iteration":809,"passed_time":1.726855819,"remaining_time":0.4050649452},
{"learn":[0.2020744869],"iteration":810,"passed_time":1.728663568,"remaining_time":0.4028574776},
{"learn":[0.201938863],"iteration":811,"passed_time":1.730487779,"remaining_time":0.4006548059},
{"learn":[0.201800566],"iteration":812,"passed_time":1.732290132,"remaining_time":0.3984480377},
{"learn":[0.2016311318],"iteration":813,"passed_time":1.734122075,"remaining_time":0.3962490244},
{"learn":[0.2015617442],"iteration":814,"passed_time":1.736364529,"remaining_time":0.3941440955},
{"learn":[0.2014383136],"iteration":815,"passed_time":1.738273712,"remaining_time":0.3919636801},
{"learn":[0.2013898471],"iteration":816,"passed_time":1.740079271,"remaining_time":0.3897607181},
{"learn":[0.201329648],"iteration":817,"passed_time":1.741897325,"remaining_time":0.3875615074},
{"learn":[0.2012720956],"iteration":818,"passed_time":1.743671509,"remaining_time":0.3853535326},
{"learn":[0.2012007422],"iteration":819,"passed_time":1.745539254,"remaining_time":0.3831671534},
{"learn":[0.2011821075],"iteration":820,"passed_time":1.747350409,"remaining_time":0.3809692123},
{"learn":[0.2011457077],"iteration":821,"passed_time":1.749088998,"remaining_time":0.3787564983},
{"learn":[0.2010811931],"iteration":822,"passed_time":1.751080237,"remaining_time":0.3765992733},
{"learn":[0.2009674591],"iteration":823,"passed_time":1.753179389,"remaining_time":0.3744655005},
{"learn":[0.200893282],"iteration":824,"passed_time":1.75499798,"remaining_time":0.3722722987},
{"learn":[0.2007909455],"iteration":825,"passed_time":1.756825559,"remaining_time":0.3700818975},
{"learn":[0.2006675167],"iteration":826,"passed_time":1.758690535,"remaining_time":0.3679001965},
{"learn":[0.200559201],"iteration":827,"passed_time":1.760534206,"remaining_time":0.3657148351},
{"learn":[0.2004951734],"iteration":828,"passed_time":1.762422913,"remaining_time":0.3635395877},
{"learn":[0.2004425915],"iteration":829,"passed_time":1.764157485,"remaining_time":0.3613334607},
{"learn":[0.2002945107],"iteration":830,"passed_time":1.766044043,"remaining_time":0.3591593782},
{"learn":[0.2002235762],"iteration":831,"passed_time":1.767868318,"remaining_time":0.3569734105},
{"learn":[0.2001137217],"iteration":832,"passed_time":1.769795836,"remaining_time":0.3548090091},
{"learn":[0.2000470257],"iteration":833,"passed_time":1.77164351,"remaining_time":0.3526292838},
{"learn":[0.1998623833],"iteration":834,"passed_time":1.773389566,"remaining_time":0.3504302734},
{"learn":[0.1997387845],"iteration":835,"passed_time":1.775166,"remaining_time":0.3482383062},
{"learn":[0.1996968179],"iteration":836,"passed_time":1.776950695,"remaining_time":0.3460489406},
{"learn":[0.1996798832],"iteration":837,"passed_time":1.778826882,"remaining_time":0.3438782277},
{"learn":[0.1996276612],"iteration":838,"passed_time":1.78069534,"remaining_time":0.3417067339},
{"learn":[0.1995273729],"iteration":839,"passed_time":1.783413248,"remaining_time":0.3396977616},
{"learn":[0.199431139],"iteration":840,"passed_time":1.785214713,"remaining_time":0.3375138398},
{"learn":[0.1992466797],"iteration":841,"passed_time":1.78701414,"remaining_time":0.3353304444},
{"learn":[0.1991644625],"iteration":842,"passed_time":1.788806295,"remaining_time":0.3331466054},
{"learn":[0.1991047262],"iteration":843,"passed_time":1.790582545,"remaining_time":0.3309607549},
{"learn":[0.199042787],"iteration":844,"passed_time":1.792322161,"remaining_time":0.3287691538},
{"learn":[0.1989468276],"iteration":845,"passed_time":1.794219198,"remaining_time":0.3266072772},
{"learn":[0.1988468955],"iteration":846,"passed_time":1.796048404,"remaining_time":0.3244337731},
{"learn":[0.1987789077],"iteration":847,"passed_time":1.798812902,"remaining_time":0.3224287278},
{"learn":[0.1986884474],"iteration":848,"passed_time":1.801014719,"remaining_time":0.320321817},
{"learn":[0.1986276208],"iteration":849,"passed_time":1.803172397,"remaining_time":0.3182068936},
{"learn":[0.1984534362],"iteration":850,"passed_time":1.805291016,"remaining_time":0.3160850309},
{"learn":[0.1984153866],"iteration":851,"passed_time":1.807506144,"remaining_time":0.3139799405},
{"learn":[0.1982551027],"iteration":852,"passed_time":1.809653651,"remaining_time":0.3118629387},
{"learn":[0.1982006963],"iteration":853,"passed_time":1.811811327,"remaining_time":0.3097476038},
{"learn":[0.19818336],"iteration":854,"passed_time":1.814000216,"remaining_time":0.3076374635},
{"learn":[0.1981568259],"iteration":855,"passed_time":1.816193096,"remaining_time":0.3055278105},
{"learn":[0.1980725589],"iteration":856,"passed_time":1.818861118,"remaining_time":0.3034972461},
{"learn":[0.1979731971],"iteration":857,"passed_time":1.820830635,"remaining_time":0.3013495923},
{"learn":[0.1979436368],"iteration":858,"passed_time":1.822839165,"remaining_time":0.299208757},
{"learn":[0.1978899918],"iteration":859,"passed_time":1.824705811,"remaining_time":0.297045132},
{"learn":[0.197867474],"iteration":860,"passed_time":1.826493974,"remaining_time":0.2948695265},
{"learn":[0.1977380673],"iteration":861,"passed_time":1.828299809,"remaining_time":0.2926976492},
{"learn":[0.1976061502],"iteration":862,"passed_time":1.831125475,"remaining_time":0.2906885169},
{"learn":[0.1975886741],"iteration":863,"passed_time":1.833307483,"remaining_time":0.2885761779},
{"learn":[0.1974943599],"iteration":864,"passed_time":1.835455582,"remaining_time":0.2864583856},
{"learn":[0.1973776423],"iteration":865,"passed_time":1.837540558,"remaining_time":0.2843307561},
{"learn":[0.1973183839],"iteration":866,"passed_time":1.839595538,"remaining_time":0.2821986235},
{"learn":[0.1972311175],"iteration":867,"passed_time":1.841972477,"remaining_time":0.2801156302},
{"learn":[0.1971704198],"iteration":868,"passed_time":1.843995167,"remaining_time":0.2779785579},
{"learn":[0.1970701813],"iteration":869,"passed_time":1.845879643,"remaining_time":0.2758210961},
{"learn":[0.196987396],"iteration":870,"passed_time":1.847716422,"remaining_time":0.2736571968},
{"learn":[0.196877742],"iteration":871,"passed_time":1.84986545,"remaining_time":0.2715398826},
{"learn":[0.1967564611],"iteration":872,"passed_time":1.851879437,"remaining_time":0.2694028506},
{"learn":[0.1966739845],"iteration":873,"passed_time":1.853895565,"remaining_time":0.2672664087},
{"learn":[0.1964798156],"iteration":874,"passed_time":1.855889772,"remaining_time":0.2651271103},
{"learn":[0.1964040859],"iteration":875,"passed_time":1.858879327,"remaining_time":0.2631290371},
{"learn":[0.1962928875],"iteration":876,"passed_time":1.861691095,"remaining_time":0.2611037681},
{"learn":[0.1961814721],"iteration":877,"passed_time":1.86440554,"remaining_time":0.2590631843},
{"learn":[0.1960553142],"iteration":878,"passed_time":1.866194092,"remaining_time":0.2568936122},
{"learn":[0.1959855995],"iteration":879,"passed_time":1.868059013,"remaining_time":0.25473532},
{"learn":[0.1958508678],"iteration":880,"passed_time":1.869881586,"remaining_time":0.2525719736},
{"learn":[0.1957671204],"iteration":881,"passed_time":1.871671687,"remaining_time":0.2504050556},
{"learn":[0.1956967615],"iteration":882,"passed_time":1.873546461,"remaining_time":0.2482502106},
{"learn":[0.1955759068],"iteration":883,"passed_time":1.875428657,"remaining_time":0.2460969731},
{"learn":[0.1954862528],"iteration":884,"passed_time":1.878539612,"remaining_time":0.2441040174},
{"learn":[0.195312518],"iteration":885,"passed_time":1.880551761,"remaining_time":0.2419671566},
{"learn":[0.1952657425],"iteration":886,"passed_time":1.883063365,"remaining_time":0.2398942055},
{"learn":[0.1951864185],"iteration":887,"passed_time":1.884877996,"remaining_time":0.2377323599},
{"learn":[0.1951348736],"iteration":888,"passed_time":1.886717659,"remaining_time":0.2355744208},
{"learn":[0.1950350098],"iteration":889,"passed_time":1.888552965,"remaining_time":0.2334166586},
{"learn":[0.194952311],"iteration":890,"passed_time":1.890327691,"remaining_time":0.2312522091},
{"learn":[0.1949144155],"iteration":891,"passed_time":1.893137988,"remaining_time":0.2292140165},
{"learn":[0.1948729549],"iteration":892,"passed_time":1.895981583,"remaining_time":0.2271780844},
{"learn":[0.1947986689],"iteration":893,"passed_time":1.898084364,"remaining_time":0.2250525085},
{"learn":[0.1947801138],"iteration":894,"passed_time":1.900623157,"remaining_time":0.2229781358},
{"learn":[0.1947090419],"iteration":895,"passed_time":1.902771003,"remaining_time":0.2208573486},
{"learn":[0.1946296009],"iteration":896,"passed_time":1.905554366,"remaining_time":0.2188094758},
{"learn":[0.1945642708],"iteration":897,"passed_time":1.907501645,"remaining_time":0.2166649975},
{"learn":[0.194514576],"iteration":898,"passed_time":1.909292329,"remaining_time":0.2145033652},
{"learn":[0.1943762682],"iteration":899,"passed_time":1.911194525,"remaining_time":0.2123549472},
{"learn":[0.1943195473],"iteration":900,"passed_time":1.913008635,"remaining_time":0.2101973972},
{"learn":[0.1942184123],"iteration":901,"passed_time":1.914825579,"remaining_time":0.2080409166},
{"learn":[0.1940009771],"iteration":902,"passed_time":1.917836435,"remaining_time":0.2060134377},
{"learn":[0.1939468567],"iteration":903,"passed_time":1.91978403,"remaining_time":0.2038708704},
{"learn":[0.1938223202],"iteration":904,"passed_time":1.921668228,"remaining_time":0.2017220792},
{"learn":[0.1937352868],"iteration":905,"passed_time":1.924552789,"remaining_time":0.1996776624},
{"learn":[0.1936188274],"iteration":906,"passed_time":1.927289499,"remaining_time":0.1976162331},
{"learn":[0.1935876157],"iteration":907,"passed_time":1.929475614,"remaining_time":0.1954975292},
{"learn":[0.1935098852],"iteration":908,"passed_time":1.931603409,"remaining_time":0.1933728385},
{"learn":[0.1934525707],"iteration":909,"passed_time":1.934232577,"remaining_time":0.1912977274},
{"learn":[0.1933499364],"iteration":910,"passed_time":1.93607074,"remaining_time":0.1891441228},
{"learn":[0.1932406984],"iteration":911,"passed_time":1.937958616,"remaining_time":0.1869960068},
{"learn":[0.1931489096],"iteration":912,"passed_time":1.940905595,"remaining_time":0.1849493831},
{"learn":[0.1931293627],"iteration":913,"passed_time":1.942801333,"remaining_time":0.182801876},
{"learn":[0.1931000646],"iteration":914,"passed_time":1.945927647,"remaining_time":0.180769235},
{"learn":[0.1930406096],"iteration":915,"passed_time":1.948169392,"remaining_time":0.1786530884},
{"learn":[0.1930051593],"iteration":916,"passed_time":1.950398609,"remaining_time":0.1765355339},
{"learn":[0.1929412286],"iteration":917,"passed_time":1.952542288,"remaining_time":0.1744100955},
{"learn":[0.1929246176],"iteration":918,"passed_time":1.95544403,"remaining_time":0.1723514324},
{"learn":[0.1928750464],"iteration":919,"passed_time":1.957221762,"remaining_time":0.1701931967},
{"learn":[0.1927614453],"iteration":920,"passed_time":1.9589802,"remaining_time":0.1680341323},
{"learn":[0.1926366606],"iteration":921,"passed_time":1.960838002,"remaining_time":0.1658843429},
{"learn":[0.1926206092],"iteration":922,"passed_time":1.962749907,"remaining_time":0.1637396997},
{"learn":[0.1925956753],"iteration":923,"passed_time":1.964618886,"remaining_time":0.1615920296},
{"learn":[0.1925706891],"iteration":924,"passed_time":1.966572555,"remaining_time":0.1594518288},
{"learn":[0.1925138715],"iteration":925,"passed_time":1.968380093,"remaining_time":0.157300353},
{"learn":[0.1924098576],"iteration":926,"passed_time":1.970187558,"remaining_time":0.1551496135},
{"learn":[0.1923874962],"iteration":927,"passed_time":1.973584061,"remaining_time":0.1531229013},
{"learn":[0.1923321051],"iteration":928,"passed_time":1.978119285,"remaining_time":0.1511802683},
{"learn":[0.1922282994],"iteration":929,"passed_time":1.986128427,"remaining_time":0.1494935375},
{"learn":[0.1921849384],"iteration":930,"passed_time":1.989975451,"remaining_time":0.1474847542},
{"learn":[0.1920242374],"iteration":931,"passed_time":1.993626763,"remaining_time":0.1454577466},
{"learn":[0.1918005882],"iteration":932,"passed_time":1.99571051,"remaining_time":0.1433146883},
{"learn":[0.1917008555],"iteration":933,"passed_time":1.997878863,"remaining_time":0.1411777355},
{"learn":[0.1916417054],"iteration":934,"passed_time":2.001573612,"remaining_time":0.1391468286},
{"learn":[0.1915901785],"iteration":935,"passed_time":2.00399655,"remaining_time":0.1370254051},
{"learn":[0.1915048014],"iteration":936,"passed_time":2.005855606,"remaining_time":0.1348654249},
{"learn":[0.1914586811],"iteration":937,"passed_time":2.008840308,"remaining_time":0.1327804895},
{"learn":[0.1913649516],"iteration":938,"passed_time":2.012031346,"remaining_time":0.1307070417},
{"learn":[0.1912151885],"iteration":939,"passed_time":2.014688758,"remaining_time":0.1285971548},
{"learn":[0.1911695689],"iteration":940,"passed_time":2.0166378,"remaining_time":0.1264416899},
{"learn":[0.1910882273],"iteration":941,"passed_time":2.019406753,"remaining_time":0.1243371462},
{"learn":[0.1910082754],"iteration":942,"passed_time":2.022272516,"remaining_time":0.122237045},
{"learn":[0.1909497789],"iteration":943,"passed_time":2.024771586,"remaining_time":0.1201135686},
{"learn":[0.1909339469],"iteration":944,"passed_time":2.026812449,"remaining_time":0.1179626293},
{"learn":[0.1909189884],"iteration":945,"passed_time":2.029500887,"remaining_time":0.1158488878},
{"learn":[0.1908787158],"iteration":946,"passed_time":2.032338778,"remaining_time":0.113742297},
{"learn":[0.1908346605],"iteration":947,"passed_time":2.034297115,"remaining_time":0.1115859177},
{"learn":[0.190790148],"iteration":948,"passed_time":2.036979488,"remaining_time":0.1094688661},
{"learn":[0.1905605339],"iteration":949,"passed_time":2.039807401,"remaining_time":0.1073582842},
{"learn":[0.1904768658],"iteration":950,"passed_time":2.042486547,"remaining_time":0.1052385287},
{"learn":[0.1904537403],"iteration":951,"passed_time":2.04553056,"remaining_time":0.1031359946},
{"learn":[0.1904232978],"iteration":952,"passed_time":2.048032528,"remaining_time":0.1010047521},
{"learn":[0.1903520826],"iteration":953,"passed_time":2.049954017,"remaining_time":0.09884474296},
{"learn":[0.1902713495],"iteration":954,"passed_time":2.051836383,"remaining_time":0.0966833898},
{"learn":[0.1902247429],"iteration":955,"passed_time":2.05468096,"remaining_time":0.09456690609},
{"learn":[0.1901078546],"iteration":956,"passed_time":2.056647469,"remaining_time":0.09240944742},
{"learn":[0.1900343345],"iteration":957,"passed_time":2.059701313,"remaining_time":0.09030005757},
{"learn":[0.1899289954],"iteration":958,"passed_time":2.06240084,"remaining_time":0.08817354999},
{"learn":[0.1898297664],"iteration":959,"passed_time":2.064520766,"remaining_time":0.08602169857},
{"learn":[0.1897171103],"iteration":960,"passed_time":2.066879331,"remaining_time":0.08387959824},
{"learn":[0.1896514584],"iteration":961,"passed_time":2.06890654,"remaining_time":0.08172395898},
{"learn":[0.1895627774],"iteration":962,"passed_time":2.071821698,"remaining_time":0.07960270284},
{"learn":[0.189523637],"iteration":963,"passed_time":2.073689994,"remaining_time":0.07744070516},
{"learn":[0.1894446834],"iteration":964,"passed_time":2.07611231,"remaining_time":0.07529941021},
{"learn":[0.1893780436],"iteration":965,"passed_time":2.079012336,"remaining_time":0.07317434723},
{"learn":[0.1892930969],"iteration":966,"passed_time":2.082067632,"remaining_time":0.0710529802},
{"learn":[0.1892085065],"iteration":967,"passed_time":2.084941877,"remaining_time":0.06892369841},
{"learn":[0.1891340811],"iteration":968,"passed_time":2.087452857,"remaining_time":0.06678125754},
{"learn":[0.1890025417],"iteration":969,"passed_time":2.08977634,"remaining_time":0.06463225795},
{"learn":[0.1889947023],"iteration":970,"passed_time":2.093165625,"remaining_time":0.0625147303},
{"learn":[0.1889631305],"iteration":971,"passed_time":2.095956334,"remaining_time":0.06037734295},
{"learn":[0.1889072073],"iteration":972,"passed_time":2.0986892,"remaining_time":0.0582370076},
{"learn":[0.1888313725],"iteration":973,"passed_time":2.100877299,"remaining_time":0.05608091352},
{"learn":[0.18876442],"iteration":974,"passed_time":2.103485481,"remaining_time":0.05393552515},
{"learn":[0.1886446192],"iteration":975,"passed_time":2.106106904,"remaining_time":0.05178951403},
{"learn":[0.1885581218],"iteration":976,"passed_time":2.108639313,"remaining_time":0.04964043419},
{"learn":[0.1884452985],"iteration":977,"passed_time":2.11114112,"remaining_time":0.04748988205},
{"learn":[0.1883841995],"iteration":978,"passed_time":2.11409235,"remaining_time":0.04534825265},
{"learn":[0.188292517],"iteration":979,"passed_time":2.118904204,"remaining_time":0.04324294293},
{"learn":[0.1882301824],"iteration":980,"passed_time":2.128553957,"remaining_time":0.04122581569},
{"learn":[0.1880387235],"iteration":981,"passed_time":2.13191293,"remaining_time":0.03907783376},
{"learn":[0.1879625013],"iteration":982,"passed_time":2.135716686,"remaining_time":0.03693508002},
{"learn":[0.1877637204],"iteration":983,"passed_time":2.13794683,"remaining_time":0.03476336308},
{"learn":[0.1877126198],"iteration":984,"passed_time":2.140234918,"remaining_time":0.03259240992},
{"learn":[0.1876212691],"iteration":985,"passed_time":2.143433782,"remaining_time":0.03043415107},
{"learn":[0.1875950669],"iteration":986,"passed_time":2.14744193,"remaining_time":0.02828444285},
{"learn":[0.1875331815],"iteration":987,"passed_time":2.15015912,"remaining_time":0.02611529295},
{"learn":[0.1875141997],"iteration":988,"passed_time":2.153388335,"remaining_time":0.02395072971},
{"learn":[0.1874240406],"iteration":989,"passed_time":2.156196679,"remaining_time":0.02177976443},
{"learn":[0.1873339218],"iteration":990,"passed_time":2.158123409,"remaining_time":0.01959950624},
{"learn":[0.187311932],"iteration":991,"passed_time":2.160029845,"remaining_time":0.01741959553},
{"learn":[0.1871318903],"iteration":992,"passed_time":2.16231734,"remaining_time":0.01524292184},
{"learn":[0.1870069084],"iteration":993,"passed_time":2.164429901,"remaining_time":0.01306496922},
{"learn":[0.1869388425],"iteration":994,"passed_time":2.167534065,"remaining_time":0.01089213098},
{"learn":[0.1868945878],"iteration":995,"passed_time":2.16954275,"remaining_time":0.008713023093},
{"learn":[0.1868213948],"iteration":996,"passed_time":2.171916583,"remaining_time":0.006535355817},
{"learn":[0.186781921],"iteration":997,"passed_time":2.17399986,"remaining_time":0.004356713147},
{"learn":[0.1867312487],"iteration":998,"passed_time":2.176856592,"remaining_time":0.002179035628},
{"learn":[0.1866527758],"iteration":999,"passed_time":2.179172827,"remaining_time":0}
]}